lib_id,seq,reporter_strain_1,reporter_strain_2,R1_RepSorted2,R2_RepSorted2
seq1,RKVTIKDVARRAGVSHQTVSRVLNNSPNVSEETRERVLKAIEELGYRPNAAARSLARGR,180,203,0,1
seq2,RKVTIKDVARRAGVSHQTVSRVLNGSPNVSEETRERVQKAIEELGYRPNAAARSLARRR,252,314,4,27
seq3,RSVTIKDVARRAGVSHQTVSRVLNGHPNVSPETRERVQKAIEELGYRPNAAARSLARRR,343,449,3,7
seq4,RSVTIKDVARRAGVSHQTVSRVLNGHPNVSPETRERVQQAIEELGYRPNAAARSLARRR,399,492,5,38
seq5,RSVTIADVARRAGVSHQTVSRVLNGHPNVSPETRERVQQAIEELGYRPNSAARSLATRR,324,430,49,42
seq6,SSPTIADVARLAGVSHQTVSRVLNGHPNVSPETRERVQQAIEELGYRPNSAARALATRR,267,322,15,53
seq7,SSPTIADVARLAGVSHQTVSRVLNGHPNVRPETRERVQQAIEELGYRPNSAARALATRR,275,372,6,46
seq8,SSPTMADVARLAGVSHQTVSRVLNGHPNVRPETRERVQQAIEELGYRPNSAARALATRR,221,292,3,6
seq9,SSPTMADVARLAGVSHQTVSRVLNGHPNVRPETRERVQQAIEELGYRPNSAARALVTRR,278,335,6,25
seq10,RKVTIKDVARRAGVSVATVSRVLNNSPNVSEETRERVLKAIEELGYRPNAAARSLARGR,178,221,3,4
seq11,RKVTIKDVARRAGVSVATVSRVLNNSPNVSEETRERVLKAIEELGYRPNAAARSLARGR,178,221,3,4
seq12,RKVTIKDVARRAGVSVATVSRVLNNSPNVSEETRERVLKAIEELGYRPNAAARSLARGR,178,221,3,4
seq13,RKVTIKDVAKRAGVSVATVSRVLNNSPNVSEETRERVLKAIEELGYRPNAAARSLKRNR,153,198,0,5
seq14,RKVTIKDVAKRAGVSVSTVSRVLNNSPHVSEETRERVLKAIEELGYRPNAVARSLKRNR,144,162,7,2
seq15,SSPTMADVARLAGVSHQTVSRVLNDHPNVRPETRERVQQAIEELGYRPNSAARALVTRR,258,296,6,11
seq16,SSPTMADVARLAGVSHQTVSRVLNDHPNVRPETRERVQAAIEELGYRRNSAARALVTRR,280,374,26,24
seq17,SSPSMADVARLAGVSHQTVSRVLNDHPSVRPETRERVQAAIEELGYRRNSAARALVTRR,258,332,13,10
seq18,SSPSMADVARLAGVSHQTVSRVLNDHPSVRPETRERVQAAIEELGYRRNSAARALVTRR,258,332,13,10
seq19,SSPSMADVARLAGVSHQTVSRVLNDHPSVRPETRERVLAAIEELGYRRNSAARALVTRR,266,273,22,6
seq20,SSPTMADVARLAGVSHQTVSRVLNDHPNIRPETRERVLAAIEELGYRPNSAARALVTSR,203,217,15,16
seq21,SSPTIRDVARLAGVSHQTVSRVLNDHPNIRPETRERVLAAIEELGYRPNSAARALVTSR,214,270,32,16
seq22,SSPSIRDVARLAGVSHQTVSRVLNDHPSIRPETRERVLAAMEELGYRPNSAARALVTSR,177,241,9,16
seq23,SSVGVRDVAALAGVSRQTVSRVLNDHPNIRPETRERVLAAMEELGYRPNNAARALGTSR,165,190,6,13
seq24,SSPSIRDVARLAGVSHQTVSRVLNDHPSIRPETRERVLAAMEELQYRPNRAARALVTSR,234,314,12,43
seq25,SSPVMADVARLAGVSHQTVSRVLNGHPNVRPETRERVQQAIEELGYRPNSAARALVTRR,262,348,9,1
seq26,SSPVMADVARLAGVSHQTVSRVLNDHPNVRPETRERVLQAIEELGYRPNSAARALVTRR,229,357,28,3
seq27,SSPVMADVARLAGVSHQTVSRVLNDHPNVRPETRERVLAAIEELGYRPNSAARALVTRR,253,304,19,13
seq28,SSPVMADVARLAGVSHQTVSRVLNDHPNVRPETRERVLAAIEELGYRPNSAARALVTRR,253,304,19,13
seq29,SSPVMADVARLAGVSHQTVSRVLNDHPNVRPETRERVLAAIRELGYRPNSAARALVTGR,231,291,12,25
seq30,SSPVMADVARLAGVSHQTVSRVLNDHPNVRPETRERVLAAIRELGYRPNSAARALVTGR,231,291,12,25
seq31,SSPVMADVARLAGVSHQTVSRVLNDHPNVRPETRERVLAAIRELGYRPNSAARALVTGR,231,291,12,25
seq32,SSPVMADVARLAGVSSQTVSRVLNDHPNVRPETRERVLAAMRELGYRPNSAARALVTGR,184,266,9,9
seq33,ASPSMADVARLAGVSSQTVSRVANDHPNVDPETRERVLAAMRELGYRPNSAARALATGR,276,348,26,11
seq34,ASPSMADVARLAGVSSQTVSRVANGHPNVDPATRERVLAAMRELGYRPNSAARALRTGR,209,295,14,16
seq35,SSPVMADVARLAGVSHQTVSRVVNGHPNVSPETRERVQQAIEELGYRPNSAARALVTGR,240,280,17,28
seq36,ESLVMSDVAARAGVSHQTVSRVVNKHPNVAPATRERVQRAIEELGYRPNAAARALVTGS,130,138,18,8
seq37,RKVTIKDVAKRAGVSVSTVSRVLNNSPHVSEETREKVLKAIEELGYRPNAVARSLVRKK,553,633,10,41
seq38,RKVTIKDVAKRAGVSVSTVSRVLNNSPHVSEETREKVLKAIEELGYRPNAVARSLVTKK,618,724,22,36
seq39,RKVTIKDVAKRAGVSVSTVSRVLNNSPHVSEETREKVLKAIEELGYRPNAVARSLVTKK,618,724,22,36
seq40,RKVTIKDIAKRAGVSVSTVSRVLNNSPDVSEETREKVLKAIEELGYRPNAVARSLVTKK,490,568,22,38
seq41,RKATIKDVAKRAGVSVSTVSRVLNNSPHVSEETRERVLKAIEELGYRPNAVARSLKRNR,247,286,9,29
seq42,RKATIKDVAKRAGVSVSTVSRVLNNSPKVSEETRERVLKAIEELGYRPNAVARSLKRNR,208,251,15,9
seq43,RMATIKDVAKLAGVSVSTVSRVLNNSAKVSEETRERVLKAIEELGYRPNAFARSLKRNR,188,170,0,9
seq44,RMATIKDVAKLAGVSVSTVSRVLNGTAKVSEETRERVEKAIEELGYRPNAFARSLKSNR,191,232,15,27
seq45,RMATIKDVAKLAGVSVATVSRVINGTAKVSEETRERVEKAMEELGYRPNAFARSLASNR,220,298,17,14
seq46,RMATIKDVAKLAGVSVATVSRVINGTAKVSEETRERVEKAMEELGYRPNAFARSLASNR,220,298,17,14
seq47,RMATIKDVAELAGVSPATVSRVINGTAKVSEETRERVEKAMEELGYRPNAFARSLASNR,300,346,5,41
seq48,RMATIKDVSELAGVSQATVSRVINGTAKVSEKTREKVEKAMEELGYRPNAFAQSLASNR,190,257,2,7
seq49,RMATIKDVAKLAGVSKATVSRVLNGTGKVKEETRERVEQAMEELGYRPNALARSLATNR,156,205,12,13
seq50,PKSKLAEVARLAGVAHITASRAIRGEGYVSEETRERVMEAAAQLNYTPDPVARRMRGDR,232,302,10,8
seq51,PKSKLAEVARLAGVAHITASRAIRGEGYVSEETRERVMEAAAQLNYTPDPVARRMRGDR,232,302,10,8
seq52,PKVTLADVARRAGVSHMTASRALNNKPHVSEETRERVLRAAEELGYVPNRAARKLSGGR,218,264,10,23
seq53,PKPTLAHVAKRAGVSQMTASRALNDRPGVSRETREEVLRIAAEIGYVVNRSAQKLSGGR,203,240,0,33
seq54,QKPTLAHVAKLAGVSQMTASRALNDRPGVSRETREEVLRIAADIGYVVNRSAQKLSGGR,187,218,8,4
seq55,RKVTLADVARRAGVSHMTVSRVLNNKPHVSEETRERVLKAIEELGYVPNAAARSLSGGR,464,629,35,19
seq56,RKVTIADVARRAGVSHATVSRVLNNKPHVSEETRERVLKAIEELGYVPNAAARSLAGGR,363,432,15,18
seq57,RKVTIMDVAREAGVSYATVSRVINNKEHVKSETRERVLKAIEELGYVVNRQARSLAGGR,271,395,19,27
seq58,HKVTIFDVATEAGVSYGTVSRVINNDQHVKAETRERVLKAIEELGYVVNRQARSLAGGK,636,827,9,49
seq59,RKVTIKDVARRAGVSHATVSRVLNNSPNVSEETRERVLKAIEELGYRPNAAARSLARGR,182,218,7,0
seq60,SSPSMSDVARLAGVSHQTVSRVLNDHPSVRPETRERVLAAIAELGYRRNSAARALVTRR,236,310,20,16
seq61,SSPSMADVARLAGVSHQTVSRVLNDHPSVRPATRERVLAAIAELGYRRNSAARALVTRR,236,335,6,13
seq62,SSPSISDVARLAGVSYQTVSRVINDHPSVSPATRERVLAAIAELGYRRNSAARALVTRR,267,296,9,39
seq63,TSPSINDVAQIAGVSYQTVSRVINNSPSVSAATRERVLEAIAEIGYRRNRAATALVTSR,233,306,8,27
seq64,SSPSLKDVARLAGVSYQTVSRVINDHPSVSPATRERVLAAIAELGYRRNSAARALVTRR,246,318,16,19
seq65,PSPSLKDVARLAGVSYQTVSRVINDDPRVSPATRDRVLAVIAELGYRRNSAARALVTRR,192,256,4,5
seq66,SSPSMSDVARLAGVSHQTVSRVLNDHPSVRPETRERVLAAIAELGYRRNSAARALVTRR,236,310,20,16
seq67,SSPAMSDVARLAGVSHQTVSRVLNDHPSVRPETRERVLAAIAELGYRRNSAARALVTRR,248,312,27,22
seq68,SSPAMSDVARLAGVSHQTVSRVLNDHPSVRPETRERVLAAIATLGYRRNSAARALVTRR,252,281,21,26
seq69,SSPAMSDVAALAGVSHQTVSRVLNDHPSVRPETRERVLAAIATLGYRRNSAARALVTRR,152,190,7,0
seq70,ESPAMSDVAALAGVSHQTVSRVLNDHPSVRPETRERVLAAIATLGYRRNSAARALVTRR,146,170,5,8
seq71,ESPAMSDVAALAGVSHQTVSRVLNDHPSVRPETRERVLAAIATLGYRRNSAARALVTRR,146,170,5,8
seq72,ESPAMSDVAALAGVSHQTVSRVLNDHPSVRPETRERVLAAIATLGYRRNSAARALVTRR,146,170,5,8
seq73,ESPAMSDVAALAGVSHQTVSRVLNDHPSVRPETRERVLAAIATLGYRRNSAARALVTRR,146,170,5,8
seq74,ESPAMSDVAALAGVSHQTVSRVLNDHPSVRPETRDRVLAAIAELGYRRNSAARALVTRR,141,198,4,0
seq75,GSPAMSDVARLAGVSHQTVSRVLNDHPSVRPETRDRVLAAIATLGYRRNSAARALVTRR,206,336,9,19
seq76,SSPAMSDVAALAGVSHQTVSRVLNDHPSVRPETRERVLAAIAELGYRRNSAARALVTRR,124,165,11,13
seq77,SSPAMSDVAALAGVSHQTVSRVLNDHPSVRPETRERVLEAIAELGYRRNSAARALVTRR,154,196,4,8
seq78,SSPAMSDVAALAGVSHQTVSRVLNDHPSVRPETRERVLEAIAELGYRRNSAARALVTRR,154,196,4,8
seq79,SSPAMSDVAALAGVSHQTVSRVLNDHPSVRPATRERVLDAIAELGYRRNSAARALVTRR,159,212,9,20
seq80,SSPAMSDVAAAAGVSHQTVSRVLNDHPNVRPETRERVLEAIAELGYRRNTAARALVTRR,127,167,2,0
seq81,SSPSMADVARLAGVSHQTVSRVLNDHPNVRPETRERVLAAIEQLGYRRNSAARALVTRR,257,311,11,13
seq82,SSPSMADVARLAGVSHQTVSRVLNDSGRVAPETRERVLAAIEQLGYRRNSVARALVTRR,290,301,8,0
seq83,SSPSMADVARLAGVSHQTVSRVVNDTGRVAPETRERVLAAIEQLGYRRNSVARALVTRR,267,322,15,40
seq84,SSPSMADVARLAGVSHQTVSRVLNDPPSVRPETRERVQAAIEELGYRRNSAARALVTRR,230,303,10,10
seq85,LSPSMTDVASRAGVSYQTVSRVLNDPGIVKPETRERVQAAIEELGYTRNRAARALKTTR,192,247,19,12
seq86,LSPSMTDVASRAGVSYQTVSRVLNDPGIVKPETRERVQAAIEELGYTRNRAARALKTTR,192,247,19,12
seq87,ASPGMMDVARLAGVSHQTVSRVLNDPESVRPATREKVRAAIDQLGYRRNSAARALVTES,200,253,5,22
seq88,PSPGMVDVARVAGVSHVTVSRVLNGHPSVRPETRARVEAAIQQLGYRRNSVARALKSRR,219,287,9,3
seq89,SSPTMADVARLAGVSHQTVSRVLNDHPNVRPETRERVQAAIEELGYRRNSAARALVTRR,280,374,26,24
seq90,SSPTMADVARLAGVSHQTVSRVLNDHPNVSPKTRERVQQAIAELGYRRNTAARSLVTRR,297,318,36,15
seq91,SSPVMEDVARLAGVSHQTVSRVLNDHPNVSPKTRERVQQAIAELGYRRNTAARSLVTRR,257,319,18,10
seq92,SSPVMEDVARLAGVSHQTVSRVLNNHPNVSAKTRERVEQAIAELGYRRNTAARSLVTRR,263,330,47,3
seq93,RSPVMEDVARLAGVSHQTVSRVLNNHPNVSSKTRERVEQAIAELGYRRNTAARSLVTRR,262,302,11,23
seq94,RSPVMEDVARLAGVSHQTVSRVLNNHPNVSAKTRERVEQAIAELGYRRNTAARSLVTRR,292,353,9,43
seq95,RSPVMEDVARLAGVSHQTVSRVLNNHPNVSAKTRERVEAAIAELGYRRNTAARSLVTRR,304,337,13,41
seq96,SSVGVRDVAALAGVSRQTVSRVLNDHPHIRPETRERVVAAMEELGYRVNNAARALGTSR,198,240,14,15
seq97,SSVGVRDVAALAGVSRQTVSRVLNDHPDVAPETRARVVAAMEELGYRMNNAARALGTRR,172,224,6,13
seq98,SSVGVRDVAAHAGVSTQTVSRVINDHPHIRPETRERVVAAMAELGYRVNNAARALGTST,120,160,17,13
seq99,NSVGVRDVAAHAGVSTQTVSRVINDHPHIRPETRERVVAAMAELGYRVNNAARALGTST,144,167,11,17
seq100,ESVGVRDVAAHAGVSTQTVSRVINDHPHIRPETRERVLAAMAELGYRVNNAARALGTST,123,181,1,4
seq101,ESVGVRDVAAHAGVSTQTVSRVINDHPHIRPETRERVRAAMAELGYRVNNAARSLGTST,226,255,3,24
seq102,ESVGVRDVAAHAGVSTQTVSRVLNGHPHIRPETRERVLAAIAELGYRVNNAARALGTST,141,169,4,2
seq103,SSPSIRDVARLAGVSHQTVSRVLNGHPSIRDETRQRVLAAMEELQYRPNRAARALVTSR,279,330,22,25
seq104,SSPSIRDVARLAGVSHQTVSRVLNGHPSIRDETRQRVLAAMEELQYRPNRAARALVTAR,260,320,17,14
seq105,SSPNIRDVARLAGVSHQTVSRVINGHPSLREETRQRVLAAMEELQFRPNRAARALVTSR,218,292,26,16
seq106,ASPNIRDVARMAGVSHQTVSRVINGHPSLRDETRQRVLAAMEELQFRPNRAARALVTSR,254,338,50,11
seq107,SSPSIRDVARLAGVSHQTVSRVLNDHPSIRPETRERVLAVMEELQYRPNRAARALVTSR,210,308,11,25
seq108,SSPSIRDVARLAGVSHQTVSRVLNDHPSIRPETKERVLAVMEELQYRPNRAARALVTSR,164,271,0,25
seq109,DSPSIRDVARLAGVSHQTVSRVLNDHPSIRPETKERVLAVMEELQYRPNQAARALVTSR,165,264,3,32
seq110,DSPSIRDVARLAGVSHQTVSRVLNDHPSIRPETKERVLAAMEELQYRPNQAARALVTSR,214,268,33,9
seq111,HSPSIRDVARLAGVSHQTVSRVLNDHPSIRPETKERVLAAMEELQYRPNQAARALVTSR,204,239,8,12
seq112,HSPSIRDVARLAGVSHQTVSRVLNDHPSIRPETKQRVLDAMAELQYRPNQAARALVTSR,196,252,11,8
seq113,GSPSIRDVARLAGVSHQTVSRVLNDHPSIRPETKQRVLDAIATLDYRPNQAARALVTSR,234,307,15,3
seq114,DSPSIRDVARLAGVSHQTVSRVLNDHPSIRPETRERVLAVMEELQYRPNQAARALVTSR,198,302,13,1
seq115,DSPNIRDVARLAGVSYQTVSRVLNDSPSIRPETRERVLAVIEELGYRPNQAARALVTSR,207,279,14,6
seq116,DSPNIRDVARLAGVSYQTVSRVLNDSPSIRPETRERVLAVIEELGYRPNQAARALVTSR,207,279,14,6
seq117,DSPNIRDVARLAGVSYQTVSRVLNDSPSIRPETRERVQAVIDELGYRPNQAARALATSR,192,276,11,9
seq118,DSPNIRDVARLAGVSYQTVSRVLNDSPSIRPETRERVLAVIEELGYRPNQAARALVTSR,207,279,14,6
seq119,DSPSIRDVARLAGVSHQTVSRVLNDHPSLRPETRERVLAVMEELQYRPNQAARALVTSR,210,305,32,3
seq120,SSPSIRDVARLAGVSHQTVSRVLNDHPSIREETKERVLAVMEELQYRPNRAARALVTSR,176,259,3,13
seq121,SSPSIRDVARLAGVSHQTVSRVLNDHPSIREETKQRVLDVMEELQYRPNRAARALVTSR,207,271,15,4
seq122,TSPSIRDVARLAGVSHQTVSRVLNDHPSIREETKQRVLDVMEELQYRPNRAARALVTSR,187,234,0,3
seq123,TSPSIRDVARLAGVSHQTVSRVLNDHPSIRAETKERVLDVMEELQYRPNRAARALVTSR,186,246,7,19
seq124,SSPVMADVARLAGVSHQTVSRVLNDHPNVRPETRERVLAAIRELGYRPNSAARALVTGR,231,291,12,25
seq125,SSPVMADVARLAGVSHQTVSRVLNDHPNVRPETRERVLAAIRELGYRPNSAARALVTGR,231,291,12,25
seq126,SSPVMADVARLAGVSHQTVSRVLNDHPNVRPETRERVLAAIRELGYRPNSAARALVTRR,260,317,11,12
seq127,SSPVMADVARLAGVSHQTVSRVLNDHPNVRPETRERVLAAIRELGYRPNSAARALVTRR,260,317,11,12
seq128,SSPVMADVARLAGVSHQTVSRVLNDHPNVRPETRERVLAAIRELGYRPNSAARALVTRR,260,317,11,12
seq129,SSPVMRDVARLAGVSHQTVSRVINEHPNVRAETRERVLEAMRELNYRRNLAARALVTRR,268,328,13,40
seq130,SSPIMRDVAELAGVSHQTVSRVINGHPHVAAETRQRVLEAMRKLNYRRNLAARALVTRR,240,282,6,18
seq131,SSSVMRDVARLAGVSHQTVSRVINEHPNVRAETRERVLEAMRALNYRRNLAARTLATRR,254,322,11,36
seq132,TTPGLRDVARLAGVSHQTVSRVFKDHPRVSPETRERVLAAAAQLDFRPNAAARALATGR,231,313,26,13
seq133,SSPVMADVARLAGVSHMTVSRVLNDHPNVRPETRARVLAAIRELGYRPNSAARALVTGR,224,308,29,12
seq134,SSAVMADVARLAGVSAMTVSRVLNDSPNVRPETRARVLAAVRELGYRPNSAARALVTGR,236,336,6,37
seq135,ASAVMEDVAALAGVSAMTVSRVLNTPEKVRPETRARVLAAVRELGYRPNSAARALVTGR,266,331,3,20
seq136,ASAVMEDVAALAGVSAMTVSRVLNTPEKVRPETRARVLAAVRELGYRPNFAARALVTGR,304,387,0,18
seq137,SSAVLGDVARLAGVSAMTVSRVLNESPGVRPSTRARVLAAVAELGYRPNSAARALVTGR,223,333,11,0
seq138,ASPSLADVAGLAGVSHMTVSRVINGTGPVRPETRARVLAAIEELGYRPNSAARALVTGR,259,369,4,11
seq139,ASPSMADVARLAGVSSQTVSRVANGSPNVDPATRERVLAAMRELGYRPNSAARALRTGR,255,315,11,15
seq140,ASPSMADVARLAGVSSQTVSRVANGSPNVDPATRERVLAAMRQLGYRPNSAARALRTGR,308,337,18,4
seq141,ASPSMADVARLAGVSSQTVSRVSNGSDSVRPETRERVLSAMEQLGYSPNSAARALRYGS,2,6,0,0
seq142,ASPSIADVARLAGVSSQTVSRVSNGSDSVRPETRERVLSAMEQLGYSPNHAARALRYGS,4,6,0,0
seq143,ASPSIADVARLAGVSSQTVSRVSNGSDSVRPETRERVLSAMEQLGYSPNHAARALRNGS,7,10,0,0
seq144,PSPSIADVARLAGVSAQTVSRVSNGSDSVRPETRERVLEAMEQLGYSPNRAARALRNGS,153,172,0,9
seq145,ASPSIADVARLAGVSAQTVSRVSNGSDNVRPSTRERVLRAMEQLGYSPNRAARALRNGS,196,245,17,12
seq146,ASPSIADVARLAGVSAQTVSRVANGSQNVSPTTRERVLRAMAELGYSPNRAARALRSGS,163,204,0,7
seq147,ASPSIADVARLAGVSAQTVSRVSNGSDNVRPSTRERVLRAMEQLGYSPNRAARALRNGS,196,245,17,12
seq148,PSPSIGDVARLAGVSAQTVSRVSNGSDSVRPETRERVLEAMEQLGYSPNRAARALRNGS,117,169,0,1
seq149,PSPSIGDVARLAGVSAQTVSRVANGSTSVRPETRERVLEAMEQLGYSPNRAARALRSGS,118,148,10,1
seq150,PSPSIGDVARLAGVSAQTVSRVSTGADSVRPETRERVLEAMEQLGYSPNRAARALRNGS,155,161,4,12
seq151,ASPSIGDVARLAGVSSQTVSRVSNGSESVRPETRERVLSAMEQLGYSPNHAARALRYGS,3,11,0,0
seq152,DSPSMADVARLAGVSSQTVSRVSNGSDSVRPETRERVLSAMEALGYSPNSAARALRYGS,9,12,0,0
seq153,SSPSMADVARIAGVSAQTVSRVANGSPNVDPATREKVLAAMRAVGYRPNSAARALTTGR,269,339,9,19
seq154,TSPSMADVARLAGVSSQTVSRVANGHSNVDPATRERVLAAMRELGYRPNSAARALKSGR,227,294,13,9
seq155,TSPSMADVARHAGVSSQTVSRVANGHSNVDPATRERVLAAMRELGYRPNSAARALKSGR,329,377,28,9
seq156,TSPSMADVARHAGVSSQTVSRVANGRSNVDPATRERVLAAMRELGYRPNSAARALRSGR,284,354,16,19
seq157,TSPSMADVARHAGVSGQTVSRVANGRSNVDPATRERVLAAMRELGYRPNSAARALRSGR,354,464,21,15
seq158,TSVSMADVARRAGVSGQTVSRVANGRSNVDPATRERVLAAMRELGYRPNSAARALRSGR,284,336,13,17
seq159,TSVSMADVARRAGVSGQTVSRVANGRSNVDAATRERVLAAMRELGYRPNSAARALRSGR,283,367,3,33
seq160,ASVSMADVARRAGVSGQTVSRVANGVSNVDEATRERVLAAMRELGYRPNSAARALRSGR,346,408,24,19
seq161,ASVSLRDVARRAGVSGQTVSRVANGVSNVSEATRRRVLAAMSELGYRPNVAARALRRGA,90,136,3,5
seq162,ASVSLRDVARRAGVSGQTVSRVANNVPNVAEATRRRVLAAMSELGYRPNVAARALRRGA,86,101,0,0
seq163,TSPSMADVAREAGVSGQTVSRVANGRSNVDPATRERVLAAMRELGYRPNSAARALRSGR,282,364,30,16
seq164,TSPSMADVAREAGVSGQTVSRVANGRSNVDPATRERVLAAMRELGYRPNSAARALRSGR,282,364,30,16
seq165,TSPSMADVAREAGVSGQTVSRVANGRSNVDPATRERVLAAMRKLGYRPNSAARALRSGR,289,364,22,14
seq166,TSPSMADVAREAGVSGQTVSRVANGRSNVDPATRERVLAAMRKLGYRPNSAARALRSGR,289,364,22,14
seq167,TSPSMADVAREAGVSGQTVSRVANGRGNVDPATRERVLAAMRELGYRPNSAARALRSGR,277,314,28,21
seq168,ESPSMADVAREAGVSAQTVSRVANGRGTVKPATRERVLAAMQELGYRPNSAARALKSGR,266,326,26,38
seq169,TSPSMADVARHAGVSSQTVSRVANGLSNVDPATRDRVLAAMRELGYRPNRAARALRSGR,298,378,11,22
seq170,TSPSMADVARHAGVSSQTVSRVANGLSNVDPATRDRVLAAMRELGYRPNRAARALRSGR,298,378,11,22
seq171,TSPSMADVARHAGVSSQTVSRVANGLSNVDPATRDRVLASMRELGYRPNRAARALRSGR,336,462,34,56
seq172,ASPSMADVARHAGVSMQTVSRVARGLDNVDPATRDRVQAAMRELGYRPNRAARALRSGR,318,407,10,27
seq173,TSPSMADVARHAGVSSQTVSRVANGHTNVDPSTRERVLAAMRELGYRPNSAARALKSGR,341,395,5,14
seq174,TSPSMADVAALAGVSSQTVSRVANGHTNVDPSTRDRVLAAMKEIGYRPNSAARALKSGR,154,205,0,14
seq175,TSPSMADVARHAGVSSQTVSRVANGHTNVDPSTRERVLEAMRELGYRPNSAARALKSGR,318,390,17,5
seq176,TSPSMADVARHAGVSSQTVSRVANGHTNVDPSTRERVLEAMKELGYRPNSAARALKSGR,251,388,12,21
seq177,TSPSMADVARHAGVSSQTVSRVANGHTNVDPSTRERVLEAMRELGYRPNGAARALKSGR,305,441,12,15
seq178,ESPSIADVARAAGVSAQTVSRVSNGHTNVEESTRNRVLDAMKELGYRPNGAARALKSGQ,159,221,5,7
seq179,TSPSMADVARHAGVSSQTVSRVANGHTNVDPSTRERVLESMRALGYRPNGAARALKSGR,299,425,25,19
seq180,TSASMADVAAHAGVSAQTVSRVANGHTNVDPSTRERVLEAMKELGYRPNSAARALKSGR,187,218,1,25
seq181,TSASIADVAAHAGVSAQTVSRVANGHTNVRPTTRERVLEAMKELGYRPNSAARNLKSGR,225,282,11,24
seq182,TSVSMADVARLAGVSSQTVSRVANGHSGVVPATRERVLAAMRELGYRPNSAARALKRGS,141,187,0,23
seq183,TSVSMADVARRAGVSSQTVSRVANGHAGVVPATRERVLAAMRELGYRPNSAARALKRGS,131,185,5,3
seq184,TSVSMADVARRAGVSTQTVSRVANGHAGVAPATRERVLAAMRELGYRPNSAARALKRGS,129,172,7,26
seq185,SSVSMADVARRAGVSAQTVSRVANGHAGVVPATRERVLKAMNELGYRPNSAARALKLGS,165,159,5,15
seq186,TSVSMADVARLAGVSSQTVSRVSNGHAGVVEATRQQVLAAMRELGYRPNSAARALKRGS,142,201,6,17
seq187,TSVSMADVARLAGVSSQTVSRVSNGHAGVIEATRQQVLAAMRELGYRPNSAARALKRGS,138,172,2,14
seq188,TSVSMADVARLAGVSSQTVSRVSNGHAGVIEATRQQVLAAMRELGYRPNSAARALKRGS,138,172,2,14
seq189,TSVSMADVARLAGVSSQTVSRVSNGHSGVVESTRQQVLAAMRELGYRPNSAARALKRGS,119,188,6,10
seq190,ASPSMADVAALAGVSSQTVSRVANDRPNVDPETRERVLAAMRMLGYRPNSAARALATGR,98,151,7,14
seq191,ASPSQADVAALAGVSSQTVSRVANDRPNVDPETRERVLAAMRMLGYRPNSAARALATGR,125,169,19,32
seq192,SGPVMADVARLAGVSGQTVSRVLNDHPRVRPETRERVLAAMRELGYRPSSSARSLASGR,317,395,19,44
seq193,SSPAMTDVARLAGVSHQTVSRVLNDHPNVRPQTRERVLAAIEELGYRPNSAARALVTGR,251,268,6,12
seq194,ASPAMTDVARLAGVSHQTVSRVLNDHPNVRPQTRERVLAAIRELGYRPNSAARALVTGR,194,264,5,11
seq195,QSPAMTDVARLAGVSHQTVSRVLNDHPNVREQTRERVLAAIEELGYRPNSAARALVTGR,156,202,10,9
seq196,QSPAMTDVARVAGVSAQTVSRVLNDHPNVKEKTRERVLAAVEELGYRRNSAARALVTGR,170,203,1,1
seq197,QSPAMTDVARVAGVSAQTVSRVLSGHPNVKEKTRERVLAAVEELGYRRNSAARALVTGR,129,176,5,1
seq198,QSPGMTDVARVAGVSAQTVSRVLSGHPNVKEKTRERVLAAVEQLGYRRNSAARALSSGR,192,217,10,10
seq199,ESPGMTDVARVAGVSAQTVSRVLSGHPNVKPKTRERVLAAVEQLGYRRNSAARALSSGR,198,268,12,10
seq200,ESPGMTDVARVAGVSAQTVSRVLSGHPNVKPKTRERVLAAVEQLGYRRNSAARALSSGR,198,268,12,10
seq201,ASPAMADVARVAGVSAQTVSRVLSGHPNVNEVTRARVRAAVEETGYRRNSLARALVTGR,219,283,7,22
seq202,RSPAMTDVARLAGVSHQTVSRVLNDHPNVREQTRLRVLAAIEELGYRPNRAARALVTGR,188,270,0,28
seq203,RSPAMTDVARLAGVSHQTVSRVLNDHPNVREQTRLRVRAAIEELGYRPNRAARALVTGR,208,264,13,20
seq204,RSPAMTDVARLAGVSHQTVSRVLNDHPNVREQTRLRVRAAIEELGYRPNRAARALVTGR,208,264,13,20
seq205,RSPSMVDVARLAGVSHQTVSRVLNDHPNVRESTRVRVRTAIEELGYRPNRAARTLVTGR,360,409,26,28
seq206,RSPAMTDVARLAGVSHQTVSRVLNDHPNVREQTRLRVRAAIEELGYRPNRAARALVTGR,208,264,13,20
seq207,SSPVMADVARLAGVSHQTVSRVLNDHPNVRPETRERVLAAIEELGYRPNSAARALVTRR,253,304,19,13
seq208,SSAVMADVARLAGVSHQTVSRVLNDHPSVRPETRERVLAAIEELGYRPNSAARALVTRR,240,259,20,20
seq209,SSATMADVARLAGVSHQTVSRVLNDHPSVRPETRERVLAAIEELGYRPNSAARALVTRR,253,327,23,11
seq210,SSVNMFDVARLAGVSHQTVSRVLNDSAAVKESTRQRVTAAIDELGYRRNMAARALVTRR,164,254,8,17
seq211,SSPVMADVARLAGVSHQTVSRVLNDHPNVRPETRARVLAAIEELGYRRNSAARALVTRR,232,279,24,35
seq212,SSPVMADVARLAGVSHQTVSRVLNDHPNVRPETRARVLAAIEELGYRRNSSARALVTRR,271,327,12,24
seq213,SSPVMADVARLAGVSHQTVSRVLNDHPNVRPETRARVLAAIEELGYRRNSSARALVTRR,271,327,12,24
seq214,SSPVMADVARLAGVSHQTVSRVLNDHPNVRPETRARVLAAIEELGYRRNLSARALVTRR,289,331,20,25
seq215,ESPVMADVARLAGVSHQTVSRVLNGHPNVRPETQARVQAAIEELGYHRNSSARALVTRR,254,349,6,24
seq216,TSPTMADVARLAGVSHQTVSRVLSDHPNVREETRARVLRAIEELGYRRNSSARALVTRR,324,423,26,23
seq217,TSPTMADVARLAGVSHQTVSRVLSDHPNVREETRARVLRAIEELGYRRNSSARALVTRR,324,423,26,23
seq218,TSPTMADVARLAGVSHQTVSRVLSDHPNVREETRAQVLRAIEQLGYRRNSSARALVTRR,332,462,12,12
seq219,SSPTMADVARVAGVSHQTVSRVLSDHPNVRAATRAQVTRAIEQLGYRRNSAARALVTRR,221,290,7,27
seq220,SSPTMADVAREAGVSHQTVSRVLSGHPNVRAATRAQVTAAIERLGYRRNSAARALVTRR,267,333,4,31
seq221,QSPVMADVARLAGVSHQTVSRVLNDHPNVRAETRARVLAAIDELGYRRNFTARALVTRR,150,194,9,19
seq222,ASAVMSDVARLAGVSHQTVSRVLNDHPNVRPETRERVLRAIEELGYRPNAMARGLVSRR,108,156,8,8
seq223,ASAVMSDVARLAGVSHQTVSRVLNDHPNVRPETRERVLRAIEELDYRPNAMARGLVSRR,142,148,8,3
seq224,ASAVMTDVARLAGVSHQTVSRVLNDSPQVRPETRERVLRAIEELGYRPNAMARGLVSRR,108,102,9,0
seq225,ESLVMSDVAARAGVSHQTVSRVVNGHPNVAPATRERVQRAIEELGYRPNAAARALVTGS,137,160,2,10
seq226,SSPRMVDVARLAGVSQQTVSRVVNGHPNVSPEVRERVQQAIEELGYRPNSAARALVTGR,197,287,19,18
seq227,PSARMVDVARLAGVSQQTVSRVVNGHPNVSPEIRERVEQAIEQLRYRRNSAARALATSR,188,255,9,16
seq228,SSARMVDVARLAGVSQQTVSRVVNGHPNVSPEIRERVEQAIEQLRYRRNSAARALATSR,227,215,9,4
seq229,TSARMVDVARLAGVSQQTVSRVVNGHSNVSPEIRDRVEQAIAQLRYRRNSAARALATSR,250,336,24,21
seq230,SSPRMVDVARLAGVSQQTVSRVVNGAPNVSPEIRERVEQAIEQLRYRRNTAAAALASSR,207,276,12,10
seq231,SSPRMVDVARLAGVSQQTVSRVVNGAPNVSPEIRERVEQAIEQLRYRRNTAAAALASNR,216,256,16,7
seq232,PSARMVDVARLAGVSQQTVSRVVNGSPNVSPEIRERVERAIEQLRYRRNPAARALATSR,196,225,7,5
seq233,PSARMVDVARLAGVSQQTVSRVVNGSPNVSPEIRERVEAAIEQLRYRRNPAARALATSR,188,258,7,3
seq234,PSARMVDVAMLAGVSQQTVSRVVNGSSNVSPDMRERVEAAIERLRYRRNPAARALATSR,211,276,15,11
seq235,SSPRMVDVARLAGVSQKTVSRVVNGEPHVSPEVRERVQQAIEELGYRPNSAARALVTGR,218,267,4,14
seq236,SSPRMVDVARLAGVSQKTVSRVVNGEPHVSPEVRERVQQAAEELGYRPNSAARALVTGR,215,271,10,10
seq237,SSPRMVDVARLAGVSQKTVSRVVNGEPYVSPEVRERVLEAAEELGYRPNSAARALVTGR,215,275,25,0
seq238,SSPRSVDVARLAGVSQKTVSRVFNGEQYVSADVRRRVLEAAEELGYRPNSAARALASGR,209,234,13,14
seq239,ASPRSVDVARLAGVSQKTVSRVFNGEQYVSADVRRRVLEAAEELGYRPNNAARALASGR,208,270,2,18
seq240,ASPRSVDVARLAGVSQKTVSRVFNGEQYVSADVRRRVLEAAEELGYRPNNAARALASGR,208,270,2,18
seq241,SSPGMVDVARLAGVSQKTVSRVVNGEPYVSPEVRERVLQAARELGYRPNTAARALITGR,261,308,1,8
seq242,SSPGMTDVARLAGVSQKTVSRVVNGEPYVSPEVRERVLQAARELGYRPNTAARALITGR,244,317,12,29
seq243,SSPGMTDVARAAGVSQKTVSRVVNGEPHVSPEVRERVLRAVRELGYRPNTAARALITGR,223,319,7,1
seq244,SSPSMVDVARHAGVSQKTVSRVVNGEPHVSPEVRERVQQAIEELGFRPNSAARALVTGR,287,399,12,13
seq245,SSVSMVDVARHAGVSQKTVSRVVNGEPHVSPEVRERVQQAIEELGFRPNSAARALVTQR,210,281,22,3
seq246,TSVSMMDVARHAGVSQKTVSRVVNGEPHVSPEVRARVQQAIEELGFRPNAAARALVTQR,258,326,4,20
seq247,TSVSMMDVARHAGVSQKTVSRVVNGEPHVSPAIRARVQEAIAELGFRPNAAARALATQR,274,342,4,14
seq248,TSVSMMDVAAHAGVSQKTVSRVVNDEPHVSPAIRARVQAAIAELGFRPNAAARALKGQR,239,272,7,11
seq249,TSVSMMDVAAHAGVSQKTVSRVVNDEPHVTEAIRAKVQAAIAELGFRPNAAARSLKGQR,256,324,11,14
seq250,RSPSMVDVARHAGVSQKTVSRVVNGEPNVSPEVRERVLEAIDELGFRPNSAARALVTNR,322,394,7,24
seq251,SSPTMADVARLAGVSHQTVSRVINGSPNVRPETRERVQQAIEELGYRPNSAARALATRR,252,247,10,22
seq252,SSPVMADVARLAGVSHQTVSRVINGSPNIRPETRERVQQAIEQLGYRPNTAARALVTRR,209,245,5,23
seq253,TSPVMADVARLAGVSHQTVSRVINGAPNLRPETRERVQQAIEQLGYRPNTAARALVTRR,246,310,10,6
seq254,TSPVMADVARLAGVSLQTVSRVVNGAPHLRPATRERVEEAIEQLGYRPNVAARALVTKR,300,371,8,16
seq255,TSPVMADVARLAGVSHQTVSRVINGQTNLRPETRERVQQAIDQLGYRPNTAARALVTRR,193,308,4,14
seq256,RSPVMADVARLAGVSHQTVSRVINGSPNIRPETRERVQQAIEQLGYRPNTAARALVTRR,233,275,11,3
seq257,RSPVMADVARLAGVSHQTVSRVINGSPNIRPETRERVEQAIEQLGYRPNTAARALVTRR,203,290,4,22
seq258,RSPVMADVARLAGVSHQTVSRVINGSPNIRPATRERVEQAIAQLGYRPNTAARALVTRR,217,331,11,33
seq259,KSPVMADVARLAGVSHQTVSRVVNGSPNIRPATRDRVEQAIKELGYRPNTAARALVTRR,165,242,9,20
seq260,RSPVMADVARLAGVSHQTVSRVINGSPNIRPETRERVQQAIERLGYRPNTAARALVRGR,206,300,14,8
seq261,RSPVMADVARLAGVSHQTVSRVINGSPSIRPETRERVQQAIERLGYRPNTAARALVRGR,242,284,6,16
seq262,DSPVMADVARLAGVSHQTVSRVINGSPSIRPETRRRVEQAIERLGYRPNTAARALVRGR,220,256,16,50
seq263,RSPVMQDVARLAGVSHQTVSRVINGASSIRPETRERVQQAIERLGYRPNTAARALVRGR,199,259,8,4
seq264,RSPVMADVARLAGVSHQTVSRVINGSPNIRPETRERVQQAIERLGYRPNTAARALVRGR,206,300,14,8
seq265,SSPTMADVARLAGVSHQTVSRVINGSPNVRPETRERVLQAIEELGYRRNSAARALATRR,303,330,10,12
seq266,SSPTMADVAALAGVSHQTVSRVINGSPNVRPETRERVLQAIEELGYRRNSAARLLATRR,203,271,24,51
seq267,SSPSMADVAALAGVSHQTVSRVLNDSPLVREETRERVLAAIEELGYRRNSAARLLATNR,151,173,9,27
seq268,ESPSMADVAALAGVSHQTVSRVLNDSPLVREETRERVQAAIEELGYRRNSAARLLATNR,147,184,7,16
seq269,TSPTMADVAQRAGVSHQTVSRVINGAPSVRPETRDRVLQAIEELGYRRNRAARLLASRR,371,409,10,18
seq270,PSPSLQDVARVAGVSHQTVSRVINGSPSVAPATRDRVLEAIHELGYRRNSAARALATRR,191,238,7,12
seq271,SSPTIYDVARLAGVSHQTVSRVLNGHPNVRPATRERVQQAIEELNYRPNSAARALATRR,308,416,15147,17255
seq272,SSPTIFDVARLAGVSHQTVSRVLNGHPNVRPATRERVEQAIEELNYRPSSAARALATRR,243,303,19,19
seq273,AAPTIFDVARLAGVSHQTVSRVLNDLPNVRPATRERVEQAIAELNYVPSPAARALATRR,415,501,2,12
seq274,AAATIFDVARLAGVSHQTVSRVLNDLPNVRPATRERVEQAIAQLRYVPSPAARALVTRR,400,517,30,40
seq275,TAATIFDVARLAGVSHQTVSRVLNDLPNVRPATRERVEQAITQLRYVPSPAARALVTRR,379,509,18,38
seq276,TAATIFDVARLAGVSHQTVSRVLNDLPNVRPATRERVEQAIKQLRYVPSPAARALVTRR,402,485,30,48
seq277,TAATIFDVARLAGVSHQTVSRVLNDLPNVRPATRERVEQAIKQLRYVPSPAARALVTRR,402,485,30,48
seq278,EAANIFDVARLAGVSHQTVSRVLNDLPNVRPATRERVEQAIKQLRYTPSPAARALVTRR,304,426,28,30
seq279,DAANIFDVARLAGVSHQTVSRVLNDLPNVRPATRERVEQAIAQLRYSPSPAARALVTRR,351,470,15,60
seq280,TAATIFDVARLAGVSHQTVSRVLNDLPNVRPATRARVEEAIKQLRYVPSPAARALVTRR,371,422,26,27
seq281,AAPTMFDVARLAGVSHQTVSRVLNDLPGVRAATRERVEQAMAELNYVPSPAARALASRR,389,434,32,19
seq282,SSPTIFDVARLAGVSHQTVSRVVNGDPNVRPATRERVEQAIEELNYRPSAAARALASRR,65,77,1,6
seq283,SSPTIFDVASAAGVSHQTVSRVVNGDPSVRPATRERVDTAIDELNYRPSAAARALASRR,57,95,1,2
seq284,SSPTIYDVARLAGVSHQTVSRVLNGHPNIRPATRERVEQAIEELNYRPNSAARALATRR,257,353,188,104
seq285,SSPSIYDVARLAGVSHQTVSRVLNGHPNIRPSTRERVEQAIEELNYRPNSAARALATRR,262,331,154,11
seq286,SSPSIYDVARLAGVSHMTVSRVLNGHPNIRPSTRERVLQAIEELNYRPNSAARALATRR,345,418,2168,2405
seq287,SSPSIYDVARLAGVSHMTVSRVLNGHPNIRPSTRERVLQAIEELNYTPSSIARALATRR,323,434,5378,5988
seq288,SSPSIYDVARLAGVSHMTVSRVLNGHPNIRPSTRERVLQAIEEMNYTPSSIARALATRR,338,408,24,12
seq289,SSPSIYDVARLAGVSHMTVSRVLNDHPNIRPSTRERVLQAIEEMNYTPSSIARALATRR,276,316,9,13
seq290,TSPSIYDVARLAGVSHMTVSRVLNDHPNIRPSTRERVLKAIEETNYTPSSIARALATRR,252,303,7,7
seq291,SSPSIYDVARLAGVSHMTVSRVLNDHPNIRESTRERVLQAIDEMNYTPSSIARALATRR,273,383,18,30
seq292,SSPSIYDVARLAGVSHMTVSRVLNDHPNIREATRERVLQAIEEMNYTPSSIARALATRR,258,323,51,30
seq293,SSPSIYDVARLAGVSHMTVSRVINDHPNIREATRTRVLQAIEEMNYTPSSIARALATRR,205,257,7,61
seq294,SSPGIRQVASLAGVSHMTVSRVLNGHPNIRPSTRQRVLEVIEELNYRPNSAARALATQR,206,263,22,15
seq295,SSPGIRQVASLAGVSHMTVSRVLNGHPNIKPSTRQRVLEVIEELNYRPNSAARALATQR,204,255,5,0
seq296,ASPGIRQVADLAGVSHMTVSRVLNGHPNIKPSTRQRVLEVIEELDYRPNSAARALATQR,216,262,5,23
seq297,SSPNIRQVASLAGVSHMTVSRVLNGHPNIKPSTRQRVLEVIEELNYRPNSAARALATQR,202,302,25,27
seq298,ESPTIYDVARLAGVSHQTVSRFLKGHEGIRPATRERVEQALDELNYRPNLAARALRSRR,294,374,20,27
seq299,ESATIYDVARMAGVSHQTVSRFLKGFEGIRPATRERVEQALDELNYRPNLAARSLRSRR,283,339,6,26
seq300,ESATIYDVARMAGVSHQTVSRFLKGFEGIRPATRERVEAALDELDYRPNLTARSLRSRR,348,444,42,13
seq301,ESATIYDVARMAGVSHQTVSRFLKGFEGIRPATRERVEQALDELDYRPNLTARSLKSGR,279,333,3,19
seq302,ESATIYDVARMAGVSHQTVSRFLKGYQGIRPATRERVTEALDELDYRPNLTARSLKSGR,288,378,16,9
seq303,SSPSIADVARLAGVSHQTVSRVINGHPNVSPATRERVQQAIEELGYRPNSAARALASRR,209,261,22,28
seq304,NSVSLADVARHAGVSTNTVSRVVRGDPEVSESTRARITKLVEELGYRPNYAARALAAKR,312,347,33,56
seq305,SSPSIFEVAKLAGVSHQTVSRVINNSPNVSEATRAKVQHAIAELGYHPSNSARALASRR,197,256,9,15
seq306,FSVTITDVARRAGVSHQTVSRVINEHPNVAPSTREKVLRAIEELDYQPNQAARSLATQR,284,352,30,1
seq307,RSVTIKDVARRAGVSHQTVSRVLNGHPNVSPETRERVQQAIEELGYQPNALARSLARRR,386,453,18,90
seq308,RSVTIKDVARLAGVSHQTVSRVLNGSPNVSPKTRERVQQAIEELGYQPNRLARSLARRR,331,386,6,13
seq309,RPVTLEDVARLAGVSHQTVSRVLNNSPHVSPKTREKVEQAIEELGYVPNRLAQSLARRR,331,435,14,6
seq310,KPVTLEDVARLAGVSHQTVSRVLNNSPHVSEKTREKVEQAIKELGYVPNRLAQQLARKR,227,341,4,64
seq311,KPVTLDDVARHAGVSYQTVSRVLNNSPHVSEKTREKVEQAIAELNYVPNRVAQQLAGKQ,202,296,845,810
seq312,KPVTLDDVARHAGVSYQTVSRVLNHSPHVSEKTREKVEQAIAELNYVPNRVAQQLAGKQ,243,348,2438,1554
seq313,KPVTLDDVARHAGVSYQTVSRVLNHSPHVSEKTREKVEQAMAELNYVPNRVAQQLAGKQ,242,317,366,408
seq314,KPVTLDDVARHAGVSYQTVSRVLNHSPHVSEKTREKVEQAMAELNYVPNRVAQQLAGKQ,242,317,366,408
seq315,KPVTLNDVARHAGVSYQTVSRVLNQAPHVSEKTREKVEQAMAELNYVPNRVAQQLAGKQ,345,407,78644,76133
seq316,KPVTLNDVARHAGVSYQTVSRVLNQAPHVSERTREKVEQAMAELNYVPNRVAQQLAGKQ,369,478,64251,68676
seq317,KPVTLNDVAAYAGVSYQTVSRVLNQAPHVSDRTREKVEQAMAALNYVPNRVAQQLAGKS,331,396,75009,78460
seq318,KPITLYDVARHAGVSYQTVSRVINQAAHVSTRTREKVEQAMAELHYVPNRVAQQLAGKQ,290,363,86047,91601
seq319,KPVTLNDVARHAGVSYQTVSRVLNQAAHVSEKTREKVEQAMAELNYVPNRVAQQLAGKQ,291,451,37732,38585
seq320,KPVTLNDVAEHAGVSYQTVSRVLNQAAHVSEKTREKVEQAMAELNYVPNRVAQQLAGKQ,303,418,15558,15035
seq321,KPVTLYDVAEHAGVSYQTVSRVINQASHVSEKTREKVESAMAALNYVPNRVAQQLAGKQ,60,65,11291,10762
seq322,KPVTLYDVAEYAGVSYQTVSRVVNQASHVSAKTREKVEAAMAELNYIPNRVAQQLAGKQ,352,470,104584,105510
seq323,RPVTLDDVARAAGVSYQTVSRVLNHSQQVSPKTRQKVEAAMQQLNYVPNRVAQQLAGKQ,139,185,13,6
seq324,RPVTLDDVARAAGVSYQTVSRVLNHSQQVSPKTRQKVEAAMQQLNYVPNRVAQQLAGKH,296,331,13,17
seq325,RPVTLDDVARAAGVSYQTVSRVLNHSQQVSPKTRQKVEAAMQALNYVPNRVAQQLAGKH,679,813,8,22
seq326,KPATLDDVARHAGVSYQTVSRVLNNSAHVSEKTREKVEQAIAELNYVPNRVAQQLAGKQ,315,338,1672,1458
seq327,LPATLEDVARHAGVSYQTVSRVLNNSANVSEKTRQKVEQAIAELKYVPNRVAQQLVGKQ,209,245,14,13
seq328,KPATLDDVARQAGVSYQTVSRVLNNSAHVSEKTREKVEQAIATLNYVPNRVAQQLAGKQ,321,385,1354,1735
seq329,RPATLDDVARQAGVSQQTVSRVLNNPAQVSARTREKVLQAMSTLNYVPNRSAQLLAGKT,337,335,22,15
seq330,RPATLDDVARQAGVSQQTVSRVLNNPAQVSARTREKVLQAMSTLHYVPNRSAQLLAGKT,311,383,14,20
seq331,RPATLEDVARQAGVSQQTVSRVLNNPAIVSARTREKVLDAMSTLNYVPNRSAQLLAGKT,264,346,17,1
seq332,FPVTFKDVAKLAGVSTQTVSRVTNGSENVAEKTRNKVNKAIKKLGYVPNKGAQMLSRAR,113,158,1,6
seq333,FPVTFKDVAKLAGVSTQTVSRVTNGSENVAEKTRNKVNKAIKKLGYVPNKGAQMLSRAR,113,158,1,6
seq334,RPVTLEDVARLAGVSHQTVSRVVNNYPHVSAKTREKVEQAIRELGYVPNRLAQSLARQR,325,430,13,11
seq335,RSVTIKDVARHAGVSAQTVSRVLNGHPSVSPETRERVQRAIEELGYQPNALARSLVRRR,352,459,2,20
seq336,RSVTIKQVARHAGVSTQTVSRVINNHPSVSPETRERVQKVIEELGYQPNALARSLVRRR,335,506,11,60
seq337,HSPTIKQVARAAGVSTQTVSRVINNRPDVSPETRKRVQEVIDELGYQPSALARSLIRQR,190,245,7,7
seq338,TSPTIKEVARAAGVSTQTVSRVINNRPDVSPETRKRVQEIIDELGYQPSALARSLIRQR,176,191,5,19
seq339,RSVTIVDVARHAGVSAGTVSNVLTGKRPVSPATRERVLRAIEELGYQPNLLARSLVNRR,687,907,18,63
seq340,RYVSLKDVAERAGVSFQTASKVLNGHSRVSPSTRERILRAAAELGYVPNAMARGLVRRA,115,139,6,2
seq341,RKPTIKDVARRAGVSHQTVSRVLNNSPNVSEETRERVLKAIEELGYRPNAQARSLARGR,191,244,19,14
seq342,RKPTIKDVARRAGVSHKTVSRVLNNSPNVSEDTRERVEKAIEELGYRPNLQARSLARGR,167,216,1,0
seq343,RKPTITDVAARAGVSIRTVSRVLNNSPRVSDDTRERIQSAIDALNFRPSLRARALAKGR,363,492,4,41
seq344,RKPTIKDVARRAGVSQKTVSRVLNNSPNVSEDTRERVEAAIEALGYRPNLQARSLARGR,189,265,1,5
seq345,RKPTIKDVARLAGVSQKTVSRVLNNSPNVSEDTRERVEAAIEALNYRPNLQARSLAGGR,160,181,3,25
seq346,DKVSIFDVAKKSGLSVVTVSRVLNNSPSVREKNRQKVLQAMKELDYRPNAAARSLARGK,351,431,12,20
seq347,DKVSIFDVAKKSGLSVVTVSRVLNNSPSVREKNRQKVLQAMKELDYRPNAAARSLARGK,351,431,12,20
seq348,DKVSIFDVAKKSGLSVVTVSRVLNNSPSVREKNRQKVLQAMKELDYRPNAAARSLARGK,351,431,12,20
seq349,DKVSIFDVAKKSGLSVVTVSRVLNNSPSVREKNRQKVLQAIKELDYRPNSAARSLARGK,299,348,22,22
seq350,DKVSIFDVAKKSGVSVVTVSRVLNNSPTVREKNRQKVLQAIKELDYRPNSAARSLARGK,368,420,18,16
seq351,DKISILDVVEKSGVSLVTVSRVLNNSPTVREENRQKVLQAIKELDYRPNSAARSLARGT,104,116,2,4
seq352,DKVSIFDVAKKSGLSVVTVSRVLNNSPSVREKNRQKVLQAMKELDYQPNAAARSLARGK,404,454,13,23
seq353,DKVSIFDVAKKSGLSVVTVSRVLNHSPSVREKNREKVLQAMKELDYQPNAAARSLARGK,281,405,7,8
seq354,DKVSIFDVAKKSGLSVVTVSRVLNHSPSVREKNREKVLQVMKELDYQPNAAARSLARGK,293,389,2,9
seq355,DKVSIFDVAKKSGLSVVTVSRVLNHSTSVREKNREKVLQAMKDLDYQPNAAARSLARGK,314,360,11,4
seq356,DKVSIFDVAKKSGLSVVTVSRVLNNSPSVREKNRQKVLQAMKELDYHPNAAARSLARGK,332,428,22,9
seq357,DKVSIFDVAKKSGLSVVTVSRVLNNAPTVREKNRQKVLQAMKELDYHPNAAARSLAKGK,394,450,23,14
seq358,DKVSIFDVAKKSGLSVVTVSRVLNGSPSVREKNRQKVLQAMKELDYRPNAAARSLARGK,411,453,10,12
seq359,EKPSIFDVAKKSGLSVVTVSRVLNGSGNVREKNRLKVLSAMKELDYRPNAAARSLARGK,162,176,3,4
seq360,EKVSIFDVAKKSGLSVVTVSRVLNGSPSVREKNRQKVLEAIKELDYRPNAAARSLASGK,238,335,9,5
seq361,RKATIKDVARRAGVSVATVSRVLNNSPNVSEETRERVLKAIEELGYRPNAHARSLARGR,293,401,16,11
seq362,PKATLKDVAREAGVSVATVSRVLNNSLELPEETRERIEEAIEELDYRPNAHARRLSRGR,164,212,18,0
seq363,PKATLNDVAEEAGVSPTAVSRYLNNRIELPQATRDRIDAAIAKLDYRPNLLARRLSTGK,530,679,22,30
seq364,RKATIKDVARRAGVSVATVSRVLNNSPPVSEETRERVLKAIEELGYVPNAHARSLARGR,329,465,14,44
seq365,RKVTIKDVAKRAGVSVATVSRVLNNSPNVSEETRERVLEAVEELGYRPNAAARSLRRNR,197,230,2,8
seq366,RKATIKDVAKLAGVSTATVSRVLRNPDNVSEETRERVLEAVEELGYRPNALARSLRRNE,288,376,18,25
seq367,RKATIKDVAKLAGVSTATVSRALQNPDKVSEETRKKVLEAVEELGYRPNALARSLRRNE,252,340,0,4
seq368,RKATMKDVAQLAGVSTATVSRALMNPEKVSASTRKKVEQAVMDVGYSPNSLARNLRRNE,263,316,9,6
seq369,CKATMKDVAEMAGVSTATVSRALMNPEKVSASTRQKVEQAVIDVGYSPHSLARNLKRNE,349,449,27,20
seq370,KKANIKEVAELAGVSTATVSRALKNPDKVSAETRKKVLEAVEKLGYRPNALARSFRRQE,236,303,5,15
seq371,RSAKIKDVAKLAGVSTATVSRVLRNPDNVKEETKEKVLEAIEELNYQPNVLARHLRRME,438,496,25,32
seq372,RSAKIKDVAKLANVSTATVSRVLRNPDNVREETKEKVLEAIEELNYQPNVLARHLRRME,509,618,32,29
seq373,RSVKISDVAKLANVSTATVSRVLSNPENVREETREKVLEAIEELNYQPNILARQLRRME,547,656,10,40
seq374,KSVKIADVAKMANVSTATVSRVLSNPETVREETTEKVLEAIEELNYQPNILARQLRRME,318,428,2,20
seq375,KSVKMSDVAKLANVSTATVSRVLSNPENVREETREKVLEAIEELNYQPNIIARQFRKME,204,240,1,7
seq376,RKVTIKDVAKRAGVSVATVSRVLNNSPNVSEETRERVLEAVEELGYRPNAAARSLRRNR,197,230,2,8
seq377,RKVTIKDVAKRAGVSVATVSRALNNSPNVSEETRERVLEAVEELGYRPNAAARSLRRNR,198,254,9,5
seq378,RKVTIKDIAKKAGVSVSTVSRVLNNSPDVSEETREKILKIIEELGYRPNAVARGLVTKK,354,395,6,18
seq379,RKVTIKDIAKKAGVSVSTVSRVLNNKPDVSEETREKILKIIEELGYRPNAVARGLVTKK,247,299,0,12
seq380,RKVTIKDIAKKAGVSVSTVSRVLNNKPDVSEETREKILKIIEELGYVPNAVARGLVTKK,192,240,12,0
seq381,RKVTIKDIAKLAGVSVTTVSRVINNKPGVSEETREKILKIIEELGYVPNAIARGLVTKK,352,397,12,5
seq382,KKVTIKDIAKLAGVSVTTVSRVINNKPGVSEETREKILKIIEEHNYVPNSIARGLVTKK,200,238,15,15
seq383,KKVTIKDIAKLAGVSVTTVSRVINNKPGVSEETREKILKIIEEHNYVPNSIARGLVTKK,200,238,15,15
seq384,KKLTIKDIAKLAGVSVTTVSRVINNKPGVSEETREKILKIIEEYNYVPNSVARGLVTKK,148,164,1,8
seq385,KKLTIKDIAKLAGVSVTTVSRVINNKPGVSEETREKVLKIIEEYNYVPNSVARNLVTKK,84,106,4,0
seq386,KKLTIKDIAKMAGVGVSTVSRVINNHPDVKEETREKVLQIIEQYNYIPNNSARNLKRNT,9,9,0,0
seq387,KRVTIKDIAKEANVSIATVSRVINNKEGVSKETREKILKIMKKHNYVPSSLARGMVTKK,279,368,23,29
seq388,RKVTIKDIAKKAGVSVSTVSRVLNNKPDVSEKTREKILKIIEELGYRPNAVARGLVTKK,109,123,0,4
seq389,RKVTIKDIAKRAGVSVSTVSRVLNNKPDVSEKTREKIQKIIEELGYRPNAIARGLVTKK,319,382,1,0
seq390,RTVTIKDIAKRAGVSYSTVSRALNNRPEVSEKTRREIQKLAEEMGYRPNAIARGLVTRK,521,713,35,36
seq391,RKVTIKDIAKKAGVSVTTVSRVLNNKPDVSEKTKEKILKIINELGYNPNGVARGLVLKK,312,345,0,7
seq392,RKVTIKDIAKKAGVSVTTVSRVLNNKPDVSDKTKEKILKIINELGYNPNGVARGLVLKK,355,431,8,7
seq393,KKVTIYDIAKKAGYSISTVSKVLNNSPDVSEKTKKKILEAIEELGYLPNSSARTLTTKK,189,206,11,20
seq394,KKVTIYDIAKKTGYSITTVSKVLNNYSDVSEKTKKKILEAVEEMGYLPNSHARTLTTKK,119,163,10,0
seq395,KKTTIYDIAKKTGYSITTVSKVLNNYSDVSEKTKKKILEAVDEMGYYPNSHARTLTTKK,121,156,21,34
seq396,KKTTIYDIAKKTGFSITTVSKVLNNYSDVSEKTKKKILEAVDEMGYYPNSHARTLTTKK,191,222,17,42
seq397,KKTTIYDIAKKTGFSITTVSRALNNYSDVSEKTKKKILEAVDEMGYYPNSIARTLTTKK,200,244,21,6
seq398,KKTTIYDIAKKTGFSITTVSRALNNYSDVSEKTKKLILEAVDEMGYYPNSIARTLTTKK,157,206,0,1
seq399,KKVTIYDIAKKTGYSVTTVSKVLNNYSDVSEKTKKKILEAVEEMGYLPNSHARTLTTKK,77,83,0,1
seq400,KKVTIYDIAKKTGYSSTTVSKVLNNYSDVSEKTKKKILEAAEEMGYLPNSHARTLTTKK,102,113,0,0
seq401,KKVTIYDVAKKTGFSSTTVSKALNNYSDVSEKTKKKILEAAAEMGYLPNSHAQSLSTKK,136,192,3,3
seq402,KKVTIYDVAKKTGFSSTTVSKALNNYSDVSEKTKQKILEAAAEMGYLPNSHAQSLSTKK,237,268,4,13
seq403,KKVTIYDVAKKTGVSSTTVSKALNNYSDVSEKTKQKILEAAAEMGYLPNSHAQSLSTKK,244,314,27,2
seq404,KKVTIYDIAKKTGYSVTTVSKVLNNYSDVSEKTKKAILEAVEEMGYLPNSHARTLTTKK,86,115,2,0
seq405,KKATIYDIAKKAGYSISTVSKVLNNSPNVSDKAKKKVLEAIEQLGYLPNSSARTLATKK,192,235,6,14
seq406,RKVTIKDVAKRAGVSVSTVSRVINNSPHVSEETREKVLKAIEELGYRPNAVARSLVTKK,557,652,7,16
seq407,RKVTIKDVAKQAGVSVSTVSRVINNSPHVSEETREKVLKAIEELGYRPNAVARSLATKK,576,698,11,24
seq408,RKVTIKDVAKQAGVSVATVSRVINNSPHVSEETREKVLKAIEELGYRPNAVARSLATKK,617,729,23,34
seq409,KKVTISDVAKRSGLSKSTVSRVINNHPYVSEEKRELVLKAMDELGYTPNPSARRLRGQL,75,92,0,9
seq410,RKVTIKDVAKKAGVSISTVSRVLNNSGHVSEETREKVLKAIEELNYQPNMVASALTKKR,145,165,9,7
seq411,RKVTIYDVAKKAGVSISTVSRVLNNTGRISEKTRKKVLRVMEELNYQPNVVASALTGKR,142,155,0,11
seq412,RKVTIYDVAKEAGVSISTVSRVINNTGRISEKTRKKVLRVMEELNYQPNVVASALTGKR,156,152,1,5
seq413,RKVTIYDVAKEAGVSIATVSKVINNTGRISEKTRKKVLRIMEELNYQPNVVASALTGKR,48,69,0,1
seq414,RKATIYDVAKEAGVSIATVSKVINNTGRISEETRKKVLRIMEELNYQPSVVASALTGKR,269,332,43,11
seq415,RKATIYDVAKEAGVSIATVSKVINQTGRISEETRKKVLRIMEELNYQPSVVASALTGKR,280,374,2,9
seq416,KKATIYDVAREAGVSIATVSKVINGKGKISEERRKEILEIMERLNYQPSVIASALTGKR,220,262,14,8
seq417,KKATIYDVAREAGVSIATVSQVINGKGKISEERRTEILKIMERLNYQPSVIASALTGKR,185,257,22,8
seq418,KKATIYDVAREAGVSIATVSKVINGKGKISEERRKEILEIMERLNYQPSVIASALTGKR,220,262,14,8
seq419,KKVTIYDVAKEANVSIATVSKVINNTGRISEKTRQKVHRIMEELNYQPNILASALTGKQ,3,5,0,0
seq420,RMATIHDVAKLAGVSPSTVSRILNGTAKVSEEKRQAVEQAIEELGYRPNVMAQSLKSNR,193,251,5,6
seq421,RMATIHDVARLAGVSPSTVSRILNGTAKVSEDKRQAVEQAIEELNFRPNVMAQSLKSGR,167,183,17,3
seq422,RIATLHDVARLAGVSPSTVSRILNGTAKVSDDKRQAVEQAIEQLNFKPNVMAQSLKSGR,170,209,9,12
seq423,RIVTLHDVARLAGVSPSTVSRILNGTAKVSPDKRQAVEQAIEQLNFKPNVMARSLKSGR,174,239,2,8
seq424,RIVTLEDVARLAGVSPSTVSRILNGTAKVSPDKRQAVEQAIEQLNFRPNVLARGLASGR,260,351,12,5
seq425,RIVTLEDVARAAGVSPSTVSRILNGTAKVSPDKRQAVEQAIAQLNYRPNVLARGLASGR,266,316,10,9
seq426,RIVTLEDVARAAGVSPSTVSRILNGTAKVSPDKRQAVEQAIAQLNYQPNVLARGLASGR,272,325,1,17
seq427,TIVTLEDVARAAGVSPSTVSRILNGTANVSPDKREAVEQAIAQLNYQPNVLARGLASGR,306,314,13,19
seq428,TIVTLEDVARAAGVSVSTVSRILNGTANVSPDKREAVEQAIAQLNYQPNVLARGLASGR,267,362,9,2
seq429,TIVTLEEVARAAGVSVSTVSRILNGTANVSPDKREAVEQAVAQLNYQPNVLARGLASGR,214,262,11,10
seq430,TIVTLEQVARAAGVSVSTVSRILNGTANVSPDKREAVEQAVAQLNYQPNVLARGLASGR,228,303,8,39
seq431,TIVTLEDVARAAGVSVSTVSRVLNGTANVSPDKREAVMQAAAQLGYQPNVLARGLASGR,255,331,5,9
seq432,NIVTIKDIARAAGVSVSTVSRVLNGTATVSPDKREAVLEAAAQLGYQPNVLARGLASGR,225,254,9,0
seq433,TIITLEDVARAAGVSVSTASRVLSGTANVSPEKREAVMRAAEQLGYQPNAIARGLASGR,269,350,10,10
seq434,KIVTLEQVAELAGVSPSTVSRILNGTAKVSPTKRQAVEAAIAQLGFRPNPVARGLAGGR,225,270,1,1
seq435,RIVTLHDVARLAGVSPSTVSRILNGTARVAPDKRQAVEQAIERLNFKPNLFARSLKTGT,112,132,7,6
seq436,RIVTLLDVARAAGVSPSTVSRILNGTARVAPDKRQAVETAISRLNFKPNLFARSLKTGT,98,145,7,19
seq437,RIATLHDVARLAGVSPSTVSRILNGTAKVSDDKRQAVEQAIEQLNFKPNVMAQSLKSGR,170,209,9,12
seq438,RIATLTDVARQAGVSPSTVSRILNGTAKVSDDKRQAVQAAIEQLNFAPNQMAQSLKHGR,230,280,12,8
seq439,KMATIYDVAKLAGVSPSTVSRFLNRTSYVSEDKSQAIEKAIEELGYKPNAQAQQSKSRR,145,193,3,9
seq440,KMATVYDVAKLAGVSPSTVSRFLNRTSHVSDSKSQRIEKAIKELGYKPNFQMQQSKNRR,145,160,8,0
seq441,RMATIKDVSELAGVSQATVSRVINGTSKVSEKTREKVEKAIEELGYKPNAFAQALASNR,205,241,9,2
seq442,RMATIKDVSELAGVSQATVSRVINGTSRVSHDKKLKVEKAIKELGYKPNAFAQALASSR,226,310,5,0
seq443,RMATIKDVSELAGVSQATVSRVINGTSRVSHDKKLKVEKAIKELGYKPNSIAQALASSR,222,246,22,11
seq444,RMITIKEVSELAKVSQATVSRVINGHSSVKEKNRQKVKKAIEELGYKPNAFAQALASNR,46,43,0,8
seq445,RMITIKEVSELAKVSQATVSRVINGHSSVKEKNRQKVYEAIEELGYKPNAFAQALASNR,46,69,3,3
seq446,RMITIKEVSELAKVSQATVSRVLNGHSSVKEKNRQKVYEAIEELGYKPNAFAQALASNR,71,82,1,8
seq447,RMITIKEVAELAKVSQATVSRTLNGHSSVKEKNRQKVYEAIEELGYKPNAFAQALASNR,58,80,0,0
seq448,RMITIKEVAELAKVSQATVSRTLNGHSSVKEKNRQKVFDAIEELGYQPNAFAQALASNR,109,146,0,4
seq449,RMATIKQVSELAGVSLATVSRVINGTAKVSEKTREKVLDAMEELGYRPNAIAQSLASNR,142,163,1,8
seq450,RMATIYQVSELAGVSLATVSRVMNGNAKVSEKTREKVLDAMEELGYRPNAIAQSLASNR,132,185,1,23
seq451,RMATIYQVSELAGVSLATVSRVMNGNAKVSEKTKEKVLDAMEELGYRPNAIAQSLASNR,125,161,4,11
seq452,RMATIYQVSELAGVSLATVSRVMNGNAKVSEKTKEKVLDAMEELGYRPNAIAQSLASNR,125,161,4,11
seq453,RMATIYQVSEAAGVSLATVSRVMNGNAKVSEKTKEKVLDAMEELGYKPNAIAQSLASNR,110,125,11,0
seq454,RMATIYEVSKAAGVSLATVSRVMNGNAKVSEKTKEKVLDAMDELGYKPNAIAQSLASNR,106,135,0,11
seq455,RMATIYQVSELAGVSLATVSRVMNGNTKVSEKTREKVLDAMEELGYRPNAIAQSLASNR,127,165,7,7
seq456,RMATIYQVSELAGVSLATVSRVMNGNTKVSDKTREKVLDAMQELGYRPNAIAQSLASNR,173,215,10,25
seq457,RMATIYQVSELAGVSLATVSRVMNGNTKVSDKTRKKVLDAMQELGYRPNAIAQSLASNR,165,194,19,0
seq458,RMATIYQVSELAGVSLATVSRVMNGNTRVSDKTRKKVLDAMQELGYRPNMIAQSLASNR,173,218,2,5
seq459,RMATIYQVSELAGVSLATVSRVMNNNTKVSEKTRKKVLDAMEELGYRPNSIAQSLASNR,144,181,10,5
seq460,RMATIYQVSELAGVSLATVSRVMNNNTKVSEKTRKKVLDAMEELGYRPNSIAQSLASNR,144,181,10,5
seq461,RMATIYEVSELAGVSLATVSRVMNNNTKVSEKTRKKVLDAMEELGYRPNSIAQSLASNR,137,173,2,23
seq462,RMATIYDVSVLAGVSLATVSRVMNNNTKVSEKTRKKVLDAMEELGYRPNSIAQSLASNR,138,159,4,18
seq463,RMATIYDVSVLAGVSLATVSRVMNNNTKVSEKTRKKVLDAMEQLGYRPNSIAQSLASNR,108,150,7,5
seq464,RMATIYDVSVLAGVSLATVSRVMNNNTKVSEKTKKKVLDAMEQLGYRPNSIAQSLASNR,86,108,10,7
seq465,RMATIYDVSVLAGVSLATVSRVMNKNTNVSEKTKKKVLDAMEQLGYRPNSIAQSLASNR,70,93,4,0
seq466,RMATIYQVSELAGVSLATVSRVMNNNTKVSESTRKKVLAAMEELGYRPNSIAQSLASNR,154,199,0,0
seq467,RMATIYEVSKLAGVSLATVSRVMNNNTPVRESTRKKVLAAMEELGYRPNSIAQSLASNR,156,190,12,14
seq468,RMATIYEVSKLAGVSLATVSRVMNNNTPVRESTRKKVLAAMEELGYRPNSIAQSLASNR,156,190,12,14
seq469,RMATIYQVSELAGVSLATVSRVMNNNTKVSEKTRKKVLDAMEELGYRPNSIAQSLASNR,144,181,10,5
seq470,RMATIYDVSVLAGVSLATVSRVMNKNTKVSEKTRKKVLDAMEELGYRPNSIAQSLASNR,112,143,13,3
seq471,RMATIYQVSELAGVSLATVSRVMNNNTRVSEKTRKKVLEAMEELNYRPNSIAQSLASNR,146,168,10,11
seq472,RMATIYQVSELAGVSLATVSRVMNNNTRVSEKTRKKVLEAMEELNYRPNSIAQSLASNR,146,168,10,11
seq473,RMVTIKQVSELAGVSSATVSRVINNTGTVKEKTREQVLDAMEELGYRHNVIAASLASNK,515,583,12,28
seq474,RMATIKDVAKLAGVSVATVSRVINNTAKVSPETRERVEKAMEELGYRPNAFARALVSQR,202,303,6,9
seq475,RMATIKDVAKLAGVSVATVSRVINNSAKVSPATRERVEKAMEELGYRPNANARALVSQS,147,177,6,12
seq476,RVATIKDVAKLAGVSTATVSRVINNSAKVSPATRERVEKAMEELGYRPNANARALVSQS,229,290,20,16
seq477,RVATIKDVAQLAGVSTATVSRVINNSAYVEPATRERVEKAMRELNYRRNAAATALASRS,241,318,1,42
seq478,RVATIKDVAQLAGVSTATVSRVINNSAYVEPATRERVEKAMRELNYRRNAAATALAKRS,296,355,22,25
seq479,DVATIKDVAQLAGVSTATVSRVINNTAYVEPATRERVEKAMRELNYRRNAAATALAKRS,211,251,13,22
seq480,HVATMKEVAHLAGVSTATVSRVINNTTYVEPGTRERVEKAMRELNYRRNLAATALAKRS,208,203,8,4
seq481,RVATIKDVAKAAGVSTATVSRVINKSTNVLPATVQKVEEAMAQLGYQIKDNRRLTINQA,137,186,5,2
seq482,RMATIKDVAKLAGVSVATVSRVINNSPKVSEATRERVQKAMEELGYRPNANARALVSQS,175,209,22,7
seq483,RMATIKDVAKLAGVSVATVSRVINNSPKVSEATREAVQKAMEELGYRPNANARALVSQS,176,225,2,20
seq484,RMATIKDVAKLAGVSVATVSRVINNSPKASEASREAVQKAMEELGYRPNANARALVSQS,194,218,9,36
seq485,RMATIKDVAKLAGVSVATVSRVINNSPKASEASVEAVQKAMKELGYRPNANARALVSQS,149,215,6,20
seq486,RMATIKDVAKEAGVSVATVSRVINNSPKASQASVEAVTKAMKKLGYRPNANARALVSQS,158,182,10,10
seq487,RMATIKDVAKEAGVSVATVSRVINKSPKASQASIESVTKAMKKLGYRPNANARALVSQS,126,192,13,19
seq488,PMATIKDVAKEAGVSVATVSRVINKSPKASQAAIESVTQAMKKLGYRPNANARALVSQS,95,104,5,4
seq489,PMATIKDVAKEAGVSVATVSRVINKSPKASQAAIESVTQAMKKLGYRPNANARALVSQS,95,104,5,4
seq490,PMATIKDVAKEAGVSVATVSRVINKSPKASEAAIKAVTQAMKKLGYRPNANARALVSQS,82,118,4,0
seq491,PMATIKDVAKEAGVSVATVSRVINKSPKTSEAAIKAVTQAMKKLGYRPNANARALVSKS,97,110,1,5
seq492,PAANIRDVAKEANVSVATVSRVINKLPHTSETAIKAVNEAMKKLGYRPNANARALASKS,107,134,6,0
seq493,PMATIKDVAKEAGVSVATVSRVINKSPKASKAAIESVTSAMKKLGYRPNANARALVSKS,31,21,0,0
seq494,PAATIKDVAKEAGVSVATVSRVVNKSPKASKAAIESVSSAMKKLGYRPNANARALVSKS,23,33,0,4
seq495,RMATIKDVAKEAGVSVATVSRVINKSPKASQASIESVTKAMKKLGYRPNAAARALVSQS,134,167,10,8
seq496,RMATIKDVAKEAGVSVATVSRVINKSPKASQASIESVTKAMKKLGYRPNAAARALVSQS,134,167,10,8
seq497,RMATIKDVAKEAGVSVATVSRVINKSPKASQASIESVTKAMKKLGYRPNAAARALVSQS,134,167,10,8
seq498,RMATIKDVAKEAGVSVATVSRVINKSPKASQASIESVTKAMKKLGYRPNAAARALVSQS,134,167,10,8
seq499,RMATIKDVAKEAGVSVATVSRVINKSPKASQASIESVTKAMKKLGYRPNAAARALVSQS,134,167,10,8
seq500,RMATIKDVAKEAGVSVATVSRVINNSPKASQASVEAVTKAMKKLGYRPNANARALVSQS,158,182,10,10
seq501,RKATIKDVAKLAGVSVATVSRVINNSPKVSEATREAVQKAMEELGYRPNANARALASQS,204,252,2,9
seq502,RKATIRDVARLAGVSVATVSRVINNSPSVSEATRTAVQKAMEELGYRPNANAQALASQS,201,242,8,33
seq503,RAITIRDVARLAGVSVATVSRVLNNSAAVSPATRTAVLKAVEELGYRPNANAQALASQS,272,342,24,12
seq504,RAITIRDVARLAGVSVATVSRVLNNSAAVSPATRTRVLKAVEQLGYRPNANAQALANQS,295,379,19,16
seq505,RKATIKDVAKLAGVSVATVSRVINNSPKVSEATREAVQKAMEELGYRPNANARALASQS,204,252,2,9
seq506,RKATIKDVARLAGVSVATVSRVINNSPKVSEATRVAVQKAMEQLNYHPNANARALAQQS,198,218,22,10
seq507,RKATIKDVARLAGVSVATVSRVINHSPKASEASRVAVAKAMEQLNYHPNANARALAQQS,182,240,10,4
seq508,RAATIKDVAKHAGVSVATVSRVLNGSPKVSEATREAVQKAMEELGYRPNANARTLASKS,296,406,22,38
seq509,RMATIKDIARAAGVSVATVSRVINNGPKVGEKTRERVKKIMEELGYRPNANARALVTQK,394,495,15,15
seq510,RMATIKDIARAAGVSVATVSRVINNGPKVGDKTRERVKKIMEELGYRPNANARALVTQK,368,495,29,5
seq511,RMATIKDIAKAAGVSPATVSRVINNGPKVGDKTRERVKKIMDEMGYRPNANARALVTQK,342,450,18,28
seq512,RMATIKDIAKAAGVSPATVSRVINNGPKVGDKTRERVKKIMDEMGYRPNANARALVTQK,342,450,18,28
seq513,RMATIKDIANAAGVSLATVSRVINNGPKVGDATRERVKKIMDEMGYRPNANARALVTQR,170,203,1,3
seq514,RMVTIKDIARVAGVSVATVSRVINNGGKVGDKCRERVKKIIEELGYRPNANARALVSQK,379,492,12,16
seq515,RVVTIKDVARVAGVSIATVSRVIHNGGKVGDQCRARVKKIIEELGYRPNSNARALVSRS,198,233,3,29
seq516,RVVTIKDVARVAGVSIATVSRVIHNGGKVGEQCRARVKKVIEELGYRPNSNARALVSRS,181,240,15,12
seq517,RMSTIKDIARAAGVSVATVSRVVNNGPKVGEKTKEKVQKIMAELGYRPNANARALVTQK,322,412,8,16
seq518,RMSTIKDIARAAGVSVATVSRVVNNGPKVGEKTKEKVQKIMAELGYRPNANARALVTQK,322,412,8,16
seq519,RMATIKDVAELAGVSRATVSRVINGTGKVKEETREKVEQAMAELGYRPNPLARSLATSS,157,175,4,4
seq520,GMVTLEDVAAYAGVSRATVSRVVNGDSKVKAATREKVEQAIAELGYSPNPAARALASSQ,196,247,4,8
seq521,GMVTLEDVAAYAGVSRATVSRVVNGDSKVKAATREKVEQAIAELGYSPNPAARALASSQ,196,247,4,8
seq522,GMVTLEDVAAHAGVSRATVSRVVNGDSKVKSQTRAKVEAAIAELGYSPNPAARALASSQ,211,231,3,5
seq523,GMVTLEDVAAYAGVSRATVSRVVNGDSKVKAATREKVEQAIAELGYSPNPAARALASSQ,196,247,4,8
seq524,GMVTLEDVAAHAGVSRATVSRVVNGDSNVKAATREKVEQAIAELGYSPNPAARALASSQ,161,219,10,16
seq525,GMATIKDVAELAGVSRATVSRVINGTGKVKEETREKVEQAMAELNYRPNPLARSLATSS,163,183,0,4
seq526,GMATIKDVAELAGVSRATVSRVLNGTGQVKEATRDRVHAAMKELNYRPNPLARSLATSS,221,225,10,5
seq527,GMARIKDVAELAGVNRSTVSRIINGEGKFKEETRRKVEQAMAELNYRPSAIARSLATSS,52,57,0,0
seq528,GMARIKDVAELAGVNRSTVSRIINGEGKFREETRRKVEQAMAELNYRPSAIARSLATAS,40,48,0,12
seq529,GMASIKDVAALAGVHRSTVSRIINGEGTFRADTRRKVEQAMAELNYRPSAIARSLATAS,79,84,9,15
seq530,GMARIKDVAELAGVNRSTVSRIINGEGKFKEETRRKVEQAMAELNYRPSAIARSLATSS,52,57,0,0
seq531,LMATINDVAKLAGVSKATVSRVLNGTGQVKEETRERVFQAMEELGYRPNALARSLATNK,293,389,1,52
seq532,LMATMLDVAKRAGVSKATVSRVLNGTGQVKESTRDRVFQAMEELGYRPNLLARSLATNK,409,442,10,31
seq533,IMATMLDVAKKAGVSKATVSRVLSGNGYVSEETRDRVFQAIEETGYRPNLLARNLATNK,557,751,51,20
seq534,IMATMLDVAKKAGVSKATVSRVLSGNGYVSETTRDRVFQAIEETGYRPNLLARNLATNK,557,720,39,44
seq535,IMATMLEVAKKAGVSKATVSRVLSGNGYVSQATRDRVFQAIEETGYRPNLLARNLATNK,611,765,57,69
seq536,IMATMLEVAKKAGVSKATVSRVLSGNGYVSQATRDRVFQAIEETGYRPNLLARNLATKK,761,953,42,47
seq537,IMATMLDVAKKAGVSKATVSRVLSGNGYVSKTTRDRVFQAIEEIGYRPNLLARNLATSK,499,653,21,39
seq538,LMVTILDVARKAGVSKATVSRALSGKVFVSEEVKARIFQAIEETGYRPNLLARNLATNK,290,356,15,1
seq539,LMVTMLDVAKRAGVSKATVSRVLNGTGQVKQSTRDAVFKAMEELGYRPNLLARSLANRR,186,224,16,6
seq540,LMVTMLDVAKRAGVSKATVSRVLNGTGQVKQSTRDAVFRAMEELGYRPNLLARSLANRT,179,209,0,18
seq541,LMATINDVCKLAGVSKATVSRVLNGTGQVKEETREAVFQAMETLGYKPNALARALATNK,231,272,17,4
seq542,LMATINDVCKLAGVSKATVSRVLNGTGQVKEETREAVFEAMETLGYKPNALAQALATNT,70,93,5,0
seq543,LMATINDVCKAAGVSKATVSRVLNGTGQVKEQTREAVLEAMQTLGYQPNALAQALATNT,91,133,9,8
seq544,LMATINDVCKAAGVSKATVSRVLNGSGQVKEQTRQAVLEAMKSLGYQPNALAQALATNT,95,105,0,7
seq545,LMATINDVCKAAGVSKATVSRVINGSGQVKEQTRQRVLETMKSLGYQPNVLAQALATNT,89,113,0,9
seq546,LMATINDVCKAAGVSKATVSRVLNGTGQVKAQTREAVLAAMQTLGYQPNALAQALATNT,103,119,0,23
seq547,LMATINDVCKLAGVSKATVSRVLNGTGQVKAQTREAVLAAMQQLGYQPNSLAQALATNT,37,40,0,0
seq548,RMATIKDVAKLAGVSVSTVSYVLNNSSKVSEETRERVLKAIEELNYRPNAFARSLKKNR,154,185,8,0
seq549,RMATIKDVAKLAGVSISTVSYVLNNSGKISEETRQKVLRAIEELNYVPNTFARSLKKQK,298,347,16,8
seq550,RMATIKDVAKLAGVAVSTASYALNNSSKVSAETKSRVLKAARELNYRKNGFASDLKKDR,260,346,0,17
seq551,RKATIKDVAKRAGVSVSTVSRVINNSPFVSEETRERVLKAIEELGYRPNAVARSLKRNR,265,284,6,14
seq552,RKATIKDVAKRAGVSVTTVSHVINNTRFVSEETRERVLKAIEELGYRPNAVARSLKRNQ,179,233,1,16
seq553,RKATIKDVAKRAGVSVTTVSHVINNTRFVSEETRERVLAAIEELGYVPSAVARSLKSNQ,176,231,8,8
seq554,RKATIKDVARRAGVSVTTVSHVINNTRFVSEETRERVEAAIRELGYVPSAVARSLKSNS,161,204,2,36
seq555,RKATIKDVAARAGVSFTTVSHVINNTRPVSAETRKRVEAAIRELNYVPSAVARSLKARS,47,42,3,0
seq556,RKATIKDVAARAGVSYTTVSHVINNTRPVSAETRRKVEAAIRELDYVPSAVARSLKARS,47,44,15,0
seq557,RKATIKDVAARAGVSYTTVSHVINNTRPVSAETRAKVEAAIRELDYVPSAVARSLKARS,47,39,1,0
seq558,RKATIKDVAARAGISYTTVSHVINNTRPVSAETRRKVEAAIAELDYVPSAVARSLKARS,40,43,0,0
seq559,RKATIKDVAARAGISYTTVSHVVNNTRPVSAEVRRKVEAAIAELDYVPSAVARSLKARS,32,24,0,0
seq560,RKATIKDVAARAGISYTTVSHVVNNTRPVSEEVRRKVEAAIAELDYVPSAVARSLKARS,34,42,0,0
seq561,RKATIKDVARRAGVSVTTVSHVINDTRFVSEETRERVEAAIRELGYVPSAVARSLKSNS,173,205,0,14
seq562,RKATIKDVARRAGVSVTTVSHVVNDTRFVSEKSRERVETAIRELGYVPSAVARSLKSNS,159,209,37,4
seq563,LKATIKDVARRAGVSTTTVSHVINKTRFVSEETRERVMSAIEELNYAPSAVARSLKVNQ,31,31,0,0
seq564,LKATIKDVARRAGVSTTTVSHVINKTRFVAEETRERVMSAIKELNYAPSAVARSLKVNQ,15,18,0,0
seq565,IKATIKDVARMAGVSTTTVSHVINKTRFVAEETRERVLAAIKELNYAPSAVARSLKVNT,23,29,0,0
seq566,IKATIKDVAKMAGVSTTTVSHVINKTRFVAEETKEAVWAAIKELNYSPSAVARSLKVNT,10,18,0,0
seq567,IKATIKDVAKMAGVSTTTVSHVINKTRFVAKETKEAVWNAIKTLNYSPSAVARSLKVNT,9,16,0,0
seq568,LKATIKDVARLAGVSTSTVSHVINKTRFVSEEIRERVMSAVEELNYAPSALARSLKVNQ,70,82,4,8
seq569,LKATIKDVARLAGVSTSTVSHVINKTRFVSEEISERVMSAVEELNYAPSALARSLKVNQ,67,78,0,0
seq570,LKATIKDVARLAGVSTSTVSHVINKTRFVSEEIRERVMSAVEELNYAPSALARSLKVNQ,70,82,4,8
seq571,LKATMKDVARLAGVSTSTVSHVINNTRFVSEEIRERVMSAVAELNYAPSALARSLKVNQ,88,94,1,3
seq572,LKATMKDVARLAGVSTSTVSHVINNTRFVSEEIRERVMSAVAELNYAPSALARSLKINQ,97,127,3,18
seq573,LKATMKDVARLAGVSTSTVSHVINNNRFVSEGVREKVNSAIAELNYAPSALARSLKINQ,122,156,0,4
seq574,LKATMKDVARLAGVSTSTVSHVINNNRFVSESVREKVNSAIAELNYAPSALARSLKINQ,91,122,12,1
seq575,LKATMKDVARLAGVSTSTVSHVINNNRFVSESVREKVNSAIAELNYAPSALARSLKANQ,134,119,0,10
seq576,LKATMKDVARLAGVSTSTVSHVINNNRFVSEGVREKVNSAIAELNYAPSALARSLKINQ,122,156,0,4
seq577,LKATMKDIARLAQVSTSTVSHVINNTRFVSEEIRERVMSVVKELNYTPSALARSLKVKQ,52,51,0,0
seq578,KPVTLYDVAEYAGVSYQTVSRVVNQASHVSAKTREKVEAAMAELNYIPNRVAQQLAGKQ,352,470,104584,105510
seq579,__ATMKDIARLAKVSTSTVSHVINGSRFVSEEIREKVMSVVAELNYTPSAVARSLKVKE,56,80,0,11
seq580,__ATMKDIARIAQVSTSTVSHVINNTGYVSEAMRERIMKVVKELNYRPSALARSLKIKQ,77,94,0,0
seq581,__ATMKDVARLAGVSTSTVSYVINDNRYVSERVKKKVNAAIDELNYAPSALARSLKIKQ,114,164,5,3
seq582,__ATMKDVARLAGVSTSTVSHVVNNTRFVSDEIRERILKAVAELNYSPSALARSLKLNQ,81,104,1,10
seq583,LRATMKDVARLAGVSTSTVSHVINNNRFVSDGVRKKVNDAIAELNYAPSALARSLKMNR,221,250,11,30
seq584,__ATMKDVARLAGVSTSTVSHVINNNRFVSQPVRDKILSAVAELNYSPSAVARSLKAKE,44,54,0,0
seq585,__ATMKDVANLAKVSTSTVSHVINNDRYVSPTVREKVELAINQLNYTPCAIARSLKSNK,94,119,0,0
seq586,IFATIKDVAKMAGVSTTTVSHVINKTRFVAKETKEAVQHAIKTLKYSPSAVARSLKVNT,8,10,0,0
seq587,__ATIKDVAKLAGVSTTTVSHVINQTRFVSQETTKAVWNAVTALNYSPSAVARSLKINT,28,32,3,10
seq588,_ATMKDIARLAGVSTSTVSHVINKTRFVSEEISERVNNAAKELNYYAPSAIARSLKLNR,147,181,1,4
seq589,__ANIKEVAARAGVSTTTVSHVINETRFVAEETRERVFSAMRDLNYAPSLVARSLKVKE,467,582,11,48
seq590,__ATIKDVAKRSGVSTTTVSHVINNTRFVAEETKAAVWAAIKELHYSPSAVARSLKVNN,17,25,0,2
seq591,__ATIKDVARMAGVSTTTVSHVINKTRFVAEATQKKVLAAVEELNYAPSAVARSLKCNT,24,28,3,0
seq592,__ATIKDVAKYAGVSTSTVSHVLNKTRFVSEDISVRVMAAVEELNYAPSALARSLKVNH,264,326,15,10
seq593,CSSTMKDVARLAGVSTSTVSHVINNNRFVSEGVREKVEQAIRHLNYAPSALARSLKINQ,82,113,0,2
seq594,STVTLAQVARAAGVSASTVSRILNGTAKVSAEKREAVERTLAQLNYQPNVLARSLASGK,632,856,49,51
seq595,DKVTLEQVAELAGVSPSTVSRILNGTAAVSEAKKDAVQAAIRDLGFRPNPVARGLAGGK,614,688,7,14
seq596,KRTTLHDVARLAGVSPSTVSRILNGTARVAADKRQAVEQAIERLRFKPNLSARSLRNGS,260,285,30,1
seq597,__ATIKDVAKRAGVSISTVSYVLNNTGKISEETRQKVLRAIEELNYVPNKFAKHLKKQQ,159,192,5,4
seq598,NDITIKDIAERANVSKSTVSRVLNDLAIVNPKTRETVLEAVESLGYQANVFARGLASGR,104,126,9,7
seq599,RGVTLEDVARRAGVSPSTVSRILNGTARVRESKRRAVERAIAELQYQPNVIARGLARGH,1019,1178,48,52
seq600,ATVTLEQVALASGVSVSTVSRILNGSANVSPNKRAAVEQAVAQLDYKPNVLARGLARGR,272,260,7,5
seq601,PPLTLEDVAKVAGVSVSTASRVLSGTANVRPAKRDAVMRAAEQLGYRPNAIARGLASGR,292,326,5,17
seq602,PSITLEDVARAAGVSLSTASRVLSGTAKVSAERHAAVMRAATELGYQPNAIARSLASGR,236,306,9,18
seq603,RNVTIKDIARAADVSISTVSRTLNGSSTVAPDKQQRVLEAAARLGYEPNAAAQGLVRGR,279,305,17,8
seq604,QGVTLEEIARAAGVSPSTVSRILNGTARVMPAKQRAVEQAIARFNYRPNVLARSLASGK,444,566,39,22
seq605,RSVTINEVAREAGVSISTVSRAMNGTAFVAEDKRRAVEAALERLGFQPNHLARTLTSGR,253,254,0,3
seq606,SPVTLIDVARAAGVSASTVSRILNGTAKVAPEKREAVEAAIRRLNFKPNLFARSLKTGI,273,383,6,7
seq607,__STLIDVARQAGVSPSTVSRILNGTAKVSDDKRQAVLAAIEQMNFAPNQMAQALKKGR,213,264,15,0
seq608,VTVTLMHVAREAGVSPSTVSRILNGTANVTPDKRERVEAVIQRLNFTPNVQAQALANGR,153,217,13,0
seq609,RNATLTDVARRAGVSPSTVSRILNGTAKVADDKRQAVQAAISELNFAPNQMAQSLKHGR,308,347,5,15
seq610,RVVTLQMVADLAGVSSSTVSRILNGSAKVSPTKQQAVDAAIATLGFMPNPVARGLAGGR,313,390,31,16
seq611,CMATVHEVARVAGVSAATVSRLLNGTAKVSDDKRQAIEQAIERLNYKPNVLAQNLKTGS,149,210,15,6
seq612,TVVTLLDVAREAGVSPSTVSRILNGTARVTSDKRQAVETAISKLDFKPNLFARSLKTGT,188,243,21,5
seq613,VITTVYDIARVAGVSASTVSRILTGSAKVAEEKRIAVEQAIKELDFRPNLMAQSLKSGQ,190,238,2,0
seq614,ESATVYDVAKRAGVSVSTVSRFLNRSSYVSESKSLRIEEALKSTGYKPNFQINLGENRR,169,253,2,7
seq615,KKTTIYDVAKLASVSPSTVSRYLNRTSFIAKDKVDAIERAIFELGFKPKERKAQPKTKR,90,121,0,0
seq616,AGPSITDVAQVAGVSYQTVSRVITGSPSVSSATRARVLEAIAEVGYRRNKAATALVTNR,215,267,7,40
seq617,GTPTINDVAQIAGVSFGTVSRVLNNAPDVSASTRERVLQIVKDIGYRRNRAATALVTSR,98,121,11,0
seq618,__ATIKDVSELAGVSQATVSRVVNGTTRVSHTKKLKVEKAIRELGYKLSAFGRTPSNTR,188,239,8,10
seq619,__ATIKDVSEYAGVSKATVSRVINGTSRVSPDKKSKVEQAIEVLGYRPNTIAQALASSK,560,651,15,46
seq620,RIATIKDVSELAGVSQATVSRVINGTSRVSHDKKLKVEKAIKELAYKPNSIAQALAFSR,106,127,1,20
seq621,SCATMKDVAEMAGVSTATVSRALMNPEKVSASTRQRVEQAVIAVGYSPHSLSRNLKRNE,344,476,27,8
seq622,KKATMKDVANAAGVSTATVSRTLMNPEKVSLQTRQKVEQAVLDVGYYPHNLARSYKRNE,261,377,0,3
seq623,__ATMKDVAQLAGVSTATVSRALMNPEKVSASTRKKVEQAVMDAGYSPNSLARNLRRNE,268,349,7,1
seq624,KPITLNDVAEYAGVSYQTVSRVLNQAPHVSSRTRTKVEEAMAALNYTPNRVAQQLAGKT,203,269,1658,1725
seq625,GSITLYDVASLAGVSYQTVSRVINDAAHVSARTREKVLAAMAELHYVPNRGAQQLAGKR,444,563,69,43
seq626,KPVTLNDVAAYAGVSYQTVSRVLNQAPHVSDRTREKVEQAMAALHYIPNRVAQQLARRS,207,249,7481,7791
seq627,SVTLNDVADYAGVSYQTVSRVLNRAEHVSGKTRAKVEQAMAALNYVPNRVAQQLAGKQS,125,154,10,88
seq628,KPVTLEDVARHAGVSYQTVSRVLNQAAQVAEKTRIRVEAAMNELNYVPNRMAQQLAGKQ,235,266,16,22
seq629,TSVTLYDVAEYAGVSYQTVSRVVNQASHVSAKTREKVEAAMAQLNYIPNRVAQQLAGKQ,254,405,34715,35775
seq630,KSITLYDVAEHAGVSYQTVSRVINQASHVSEKTRLKVESAMAALNYVPNRVAQQLAGKL,43,57,10816,12678
seq631,IIVTIDDVARYAGVSYQTVSRVLNCSPKVSEKTRTKIEKAIAALHYVPNRVAQQLAGKS,107,137,11,7
seq632,KAITLYDVARHAGVSYQTVSRVINQAEHVSTRTREKVEQAMAQLHYVPNRVAQQLAGKP,126,197,3135,3548
seq633,_VATLEDVARHAGVSYQTVSRVLNKSANVSEATRHKVEKSIELLRYVPNRLAQQLVGKQ,241,319,2,16
seq634,SNPTISDVADRAGVSIRTVSRVLNNSPRVSDDTRERIEQAIAALNFRPSLRARALAKGR,365,469,11,13
seq635,RTVTLADVAALAGVSQQTVSRVVNNLPNVSARTRTRVTQAAAQLDYVPNRLATSLARQR,324,390,14,31
seq636,RRSTIREVASRAGVSYQTVSRVINNSPDVADATREHVLRVIAELDYHPNAQAVSLSRNR,230,252,23,14
seq637,TRATLEDVARLAGVSHITVSRVVNNYAHISLKTREKVEAAIRELGYVPNRLAQGLARHR,455,537,36,16
seq638,TNVSLADVARHAGVSANTVSRVVRGDPEVADSTRANITALLHEMGYRPNYAARALAGKR,299,387,5,13
seq639,RSVTLDDVAAAAGVSYQTVSRVLNHSASVAEKTRLKVEAAMVALNYVPNRVAQQLAGKH,614,743,580,257
seq640,RSVTLEDVARAAGVSYQTVSRVLNHSQQVSGKTRQRVEAAMQALNYVPNRVAQQLAGKN,594,677,706,360
seq641,RSVTLDDVARAAGVSYQTVSRVLNRSQQVAPDTRQRVEAAMRQLNYVPNRVAQQLAGKT,217,283,4,43
seq642,RSVTLDDVAALAGVSYQTVSRVLNHSVQVSPRTRAKVEAAMQQLNYVPNRVAQQLAGKA,123,108,17,36
seq643,KSATLDDVALQAGVSYQTVSRVLNHAPHVSPKTRNKVELAMAELNYVPNRVAQQLAGKH,497,587,61,25
seq644,IFVTFKDVAKLAGVSTQTVSRVTNGSENVAEKTRNKVNKAIKQLGYVPNKGAQMLSRAR,93,100,1,14
seq645,GVVTFKDVAKLAGVSTQTVSRVTNGSQDVAESTRNKVNAAIKKLGYVPNKGAQMLSRSK,388,487,32,27
seq646,TEPVMADVAKLAGVSHQTVSRVLNGAPHVRPGTRERVLAAIRELDYRPNSAARALVTRR,285,351,9,5
seq647,DKANIFDVARLAGVSHQTVSRVLNDLPNVRPATRERVEHAIAQLRYSPSPAARSLVSRR,223,295,24,13
seq648,TLPVMADVARLAGVSLQTVSRVVNGAPQLRPSTRERVEEAIRQLGYRPNVAARALVTKR,333,441,21,42
seq649,_____FDVARLAGVSHQTVSRVLNGSDAVKESTRQRVTEAIDQLGYRRNMAARALVTRR,434,539,16,42
seq650,RNAVMADVARLAGVSQQTVSRVLNHHPSVSPGTRTRVLAAIEELGYRPNSAARALASKR,318,340,28,37
seq651,_____ADVAQLAGVSAQTVSRVANASRHVSPTTRARVQRAMAELGYSPNRAARALRSGH,773,945,41,71
seq652,GGVGVRDVATLAGVSRQTVSRVLNNNPDVAEATKARVVRAMEELGYRMNNAARALGTRR,149,232,9,15
seq653,APLAMSDVAARAGVSHQTVSRVINRHPNVAVATRARVLAAIAELGYRPNGAARALATGS,131,201,3,8
seq654,ASPALTDVARLVGVSHQTVSRVVNNHPGVRPRTRERVLAGMRELGYRPNPAARALATGR,197,257,13,17
seq655,PRASINDVARLAGVSGQTVSRVAHGSTSVRPETRAKVLAAMERLGYAPNHAARALRAGE,373,414,7,7
seq656,AGASIADVARLAGVAPITVSRVANGSDAVRAATRERVQSAMAMLGYAPNTAARALRNGS,7,17,0,0
seq657,EGLVMSDVAARAGVSHQTVSRVVNKHPHVATATRERVQRAIEELGYRPNAAARALVTGS,143,182,7,14
seq658,TDLVMSDVAARAGVSHQTVSRVVNGHPNVAPVTRSRVQRAIEELGYRPNAAARALVTGS,125,139,5,0
seq659,DKAVMVDVAKLAGVSYQTVSRVLHDSPHVRRDTRERVLDAIRQLDYRPSSVAQALVTGR,309,405,17,14
seq660,SGPTMADVALVAGVSHQTVSRVLNDQPNVRAETRARVVDAIRELGYRPNSAARQLVTRR,335,419,16,22
seq661,NVPVMADVARVAGVSQQTVSRVLNDRPNVRPATRDRVLGAIRELGYRPNAAARTLVTRR,321,412,9,18
seq662,NSSIMRDVAELAGVSAQTVSRVINGHPYVADHTRQRVLDAMRRLDYRLNPAARALVTRR,242,324,9,13
seq663,VNPSMRDVAELAGVSYQTVSRVINRRPHVAAATRQRVLEAMQKLHYRRNLLARALVTRR,213,290,7,13
seq664,TGAVMSDVARLAGVSHQTVSRVLNNHPSVRQETRERVLRAVHQLNYRPNALARGLAGRR,128,155,4,0
seq665,GAPVMADVARIAGVSHQTVSRVLNHHPNVRPATRDRVLAAIEELGYRRNLSARALVTRR,316,424,16,15
seq666,_____ADVARLAGVSHQTVSRVVNGHPNVRAETTARVQRAIDELGYHRNSTARALVTRR,511,603,31,95
seq667,LGAVMADVARLAGVSAQTVSRVLNDHPHVAEETRTRVHAAMEKLGYRRNLTVRALVTRR,178,251,9,35
seq668,TPPGLRDVARLAGVSHQTVSRVFKNHPMVSPKTRDRVLAAAAQLDFRPNAAARALATGR,283,325,32,13
seq669,_TPGLRDVAELAGVSHQTVSRVFKDHPRVSAETRAKVLAAAAQLDFRPNAIARALATGS,208,252,0,21
seq670,TSSVMRDVAKLAGVSHQTVSRVINEHPNVRAETRERVLAAMRSLNYRRNLAARTLATRE,404,509,7,19
seq671,APTIMRDVARLAGVSHQTVSRVLNEHPSVREETRARVLEAMRALNYRRNLAARTLATRR,266,363,32,23
seq672,RSPVMDDVARLAGVSKQTVSRVLNDNPAVRAETRESVLEAMRSLGYRPSRSARSLASGR,269,375,6,18
seq673,TPIVLGDVAALAGVSAMTVSRVLNSPQKVRPETRARVLAAVRELGYLPNFAARVLATGR,223,242,6,15
seq674,AMPSIEDVARLAGVSAQTVSRVANGATVVRPVTRDRVLEAMAQLGYSPNRVARALRSGR,313,391,13,9
seq675,TRARMVDVARLAGVSQQTVSRVVNGHSNVSPDIRDRVEAAMVQLRYRRNSAARALATSR,292,422,7,22
seq676,RPARMVDVARLAGVSQQTVSRVVNGSHNVTPEIRERVERAIGQLRYRRNPAARALAGRR,431,530,29,17
seq677,QHAVMEDVAERAGVSAMTVSRVLNTPDKVRPDTRARVLDAVRALGYRPNFAARSLVTGR,279,347,4,34
seq678,ASAGVRDVAALAGVSRQTVSRVLNEHPQIKESTRRRVMDAIAELQYTPNFAARALGTRR,129,211,13,12
seq679,TRPAMTDVARLAGVSHQTVSRVINGHPNVTEATRTKVEQAIAELGYRPNTAARALVTGR,205,240,7,24
seq680,PSAVLGDVARLAQVSVMTVSRVLNESPGVKASTRARVLAAVAELGYRPNSAARTLVTGM,110,125,3,0
seq681,VAPSLTDVAGVAGVSHMTVSRVINGTGPVRPETRARVLAAIEELGYRPNSAARALVTGR,259,375,16,4
seq682,RRPSLADVAALAGVSHMTVSRVVNGAGPVRADTRRRVLDAIDHLGYRPNSLARGLATGR,347,460,18,20
seq683,TLPVMADVARLAGVSHMTVSRVLNGHPRVRAETRARVLHAVDVLGYRRNLTARALVTRR,349,402,43,42
seq684,AAEVMEDVAAMAGVSAMTVSRVLNTPEKVRPQTRARVMAAVQALDYRPNSAARVLATGR,284,387,1,19
seq685,RRPVMADVARLAGVSHQTVSRVINGSPSIRPATRRRVEDAIAQLGYRPNTAARALVTNR,202,258,20,5
seq686,ERATIFDVARLAGVSHQTVSRVLNDLPNVRPATRARVEQAITQLRYVPSPAARALVTRR,447,530,17,44
seq687,_____FDVARVAGVSHQTVSRVLNNLPGVRASTRVRVEHAMTELSYVPSPAARTLASRR,628,809,48,55
seq688,RGRNIFDVASEAGVSHQTVSRVVNGDPRVRPATRQRVDAAIAKLHYRPSAAARALASRK,2,5,0,1
seq689,EAPVMADVARLAGVSHQTVSRVVNGQTNLRPETRERVLRAIDQLGYRPNTAARSLVTRR,310,384,15,12
seq690,_____ADVARLAGVSKQTVSRVINGSPALRPATRLRVEAAIERLGYRPNVAARALVRGR,346,381,25,27
seq691,TEQSMAQVAERAGVSHQTVSRVLNDASLVKEETRIRVLAAIEELGYRRNFAARLLATNR,194,259,24,9
seq692,GEPSMADVAALAGVSHQTVSRVLNDSPLVRDDTRERVHAAIAELGYRRNAAARLLATNQ,220,235,32,5
seq693,GSPSMADVAALAGVSHQTVSRVLNDHPMVKQETRDRVQASIEQLGYRRNNAARALVTNR,118,190,6,4
seq694,GRATMADVAREVGLSHQTVSRVLNDHPLVRPETRERVRKAIEDLGYRPNSAARALVTRR,426,549,16,43
seq695,DRPVMADVARLAGVSHQTVSRVINGANNIRPDTRSRVEHAIAALGYRPNTAARTLVTRR,262,331,16,1
seq696,KHPVMADVAALAGVSHQTVSRVVNGLPHVGEATRDRVLAAIKELDYRPNTAARTLVTRR,178,228,17,10
seq697,AADVMADVARRAGVSIQTVSRVVNGSPNIRASTKDRVERAVRDLGYRPNHLARALVTRR,306,377,6,15
seq698,ADPTMFDVARHAGVSHQTVSRVLNDLPGVAAATRERVRQAMAELNYAPSPTARAMARRR,317,377,17,15
seq699,__TNIREVAEMAGVSVATVSRALKSPDIVSPETRKRVLAAVERSGYRPNLTAVQFRSQR,170,230,17,9
seq700,ATPSLTDVASLAGVSHQTVSRVVNRRPNVSDATRRKVHAAILELDYRPNAAARSLATGR,257,384,15,36
seq701,EKPVMADVAGLAGVSLQTVSRVVNGADHVRPATRKRVDEAISQLGYRPNVAARALVTQR,279,357,10,20
seq702,DKANIFDVARLAGVSHQTVSRVLNNMPNVRPATRARVEQAIAQLRYSPSPAARALVTRR,156,186,20,6
seq703,EDANIFDVARLAGVSHQTVSRVLNDVPGVRPATRQRVEQAIKKLRYTPSPAARALVTRR,221,293,7,3
seq704,TAPSIGDVARLAGVSPQTVSRVSTGADSVRPSTRARVVLAMDQLGYSPNRAAQALRNGT,303,411,31,14
seq705,PKASIGDVARLAGVSAQTVSRVSTGAENVRPETRQKVQEAMGQLGYTPNYAARALRNGA,46,48,0,0
seq706,CSPSIFEVAKLAGVSHQTVSRVINHSPNVAEATRAKVEHAIAELGYHPSNSARSLASNR,259,377,2,18
seq707,DGPVMADVARLAGVSHQTVSRVVNGHHSIRPETRRRVEQAITQLGYRPNTAARALVKGR,244,349,6,14
seq708,ERPVMADVARLAGVSHQTVSRVINGAAGIRQETRQRVLEAIERLGYRPNIAARALVRGR,250,281,16,15
seq709,HIPVMADVARLAGVSHQTVSRVINGSPKLRPETRARVQAAIESLGYRPNTAARALGRGR,139,185,7,8
seq710,RRARLKDVAELAGVSHQTVSRVVNRADGIRPETRERVEQAIARLDYHPNPAARNLVRGR,370,438,22,46
seq711,RAPVMQDVARLAGVSHQTVSRVINGASSIRPETRDRVLQAIERLGYRPNTAARALVSGR,358,481,5,20
seq712,PTSRMADVAQRAGVSHQTVSRVINGMPGVRPETRDRVLQAAEELRYRRNLAARLLASSR,239,302,12,16
seq713,QGPVMADVARVAGVSHQTVSRVLNDHLNVRAETRIRVLAAIDQLGYRRNFVARALVTRH,301,420,43,36
seq714,TGPTMADVAQVAGVSHQTVSRVLSDHPNVREATRERVLRAIAELGYRPNSAARTLVTRR,408,517,13,45
seq715,FVVTIHDVARHAGVSHQTVSRVINEHLSVAPSTRQKVLEAIETLKYQPNQAARSLVTQR,322,397,23,32
seq716,__PRLEDVARVAGVSHQTVSRVINGSTKVAPATRDRVLEAVRELGYRRNNAARALVTQK,421,588,15,43
seq717,PAPSLQDVAEVAGVSHQTVSRVVNGSPSVAPATRDRVLEAIHELGYRRNSAARALATRR,246,283,17,20
seq718,YRPVMEDVARVAGVSHQTVSRVLNNHPNVSSKTRERVEQAITELGYRRNTAARSLVTRR,264,307,14,22
seq719,_____GDVAKLAGVSHQTVSRVLNNHPNVSGKTKERVEEAIASLGYRRNTAARSLVTRR,329,464,26,32
seq720,__ATLNDVAEEAGVSPTAVSRYLNNRIELPQATRDRIDAAIAKLDYRPNLLAKRLSTGK,796,950,34,43
seq721,TAPTMADVARLAGVSHQTVSRVLGDHPNVRDETRAKVQRAIEEMGYRRNSSARALATRR,351,433,25,9
seq722,GSVNMFDVAKAAGVSHQTVSRVLNDSAAVKESTRRRVNAAIDELGYHRNLAARALATHR,287,353,15,12
seq723,ENPVMADVARLAGVSHQTVSRVLNGHPNVRPETQARVQAAIEQLGYHRNSSARALVTRR,258,305,10,14
seq724,KGPTMTDVARVAGVSHQTVSRVLSDHPNVSAKTRAAVTQVIEQLGYRRNSAARALATRR,290,324,32,13
seq725,SAPTMADVAREAGVSHQTVSRVLSGHPHVRPATRAQVTAAVDRLGYRRNPAARALVTRR,459,530,37,9
seq726,RGPTMADVAREAGVSHQTVSRVLSGHPNVRATTREQVTAAIERLGYRRNSAARALVTRR,373,510,34,43
seq727,PIPTMADVAQLAGVSHQTVSRVLSNHPNVRESTRADVLRAIGQLGYRRNSSARALVTRR,183,212,8,3
seq728,DVPVMGDVARLAGVSHMTVSRVLNEPDSVRPETRERVLLAIEQLGYRRNSAARSLVTRR,416,561,17,26
seq729,RSPRMSDVARLAGVSQQTVSRVVRGATNVDPDIRRRVQHAIEQLRYRRNPAAAALASNR,249,346,11,61
seq730,DSPVMEDVARLAGVSHQTVSRVLNKHPHVSVQTRERVEKAIADLGYRRNTAARSLVTRR,288,347,23,7
seq731,RAPRSVDVARLAGVSQKTVSRVFNDEQYVSAEVRRRVLQAAEELGYRRNNAARALASGR,341,434,41,66
seq732,KKPTVYDVAKLAGVSPSTVSRFLNRTTHVSDVKSQNIEKAINELGYKPNFQMQQSTNRR,102,128,4,6
seq733,__ATIKDVAKLAGVSISTVSYVLNNSNRIGEETRQKVLKAAKELNYVPNTFARSLKKEK,714,829,16,50
seq734,SDPTMMDVARLARVSPQTVSRVLNDYAFIKADTRERVLQAIDSLDYRPNIAARTLATSR,232,267,1,10
seq735,LVATIFDVARLAGVSHQTVSRVLNDLPNVRPATRQRVEQAIAQLRYAPSQAARSLVTRR,311,386,2,33
seq736,_AATIFDVARLAGVSHQTVSRVLNDLPNVRPATKARVEEAIKQLRYVPSPAARTLVTKR,443,498,30,25
seq737,DAATIFDVARLAGVSHQTVSRVLNDLPNVRPATRERVEKAIRQLRYVPSQAARALVTRR,414,498,7,42
seq738,TTATIFDVARLAGVSHQTVSRVLNDLPNVRPSTRVRVEEAIKKLRYVPSPAARALVTRR,305,423,6,32
seq739,TTPTIFDVAERAGVSHQTVSRVINGDPTVREQFRTQVTDAVTELGYRPRAAARALAGGR,221,307,2,32
seq740,LPPSMTDVADRAGVSYQTVSRVLNDPHRVKPATRERVQAAIEELGFTRNRAARALRTTR,275,362,17,16
seq741,TIASMADVARIAGVSAQTVSRVVNASPRVDPATRARVEEAMARSGYRIHRAARALRTGR,306,328,35,0
seq742,_____ADVAKLAGVSHQTVSRVLNDHPSVRPATRQRVLDAMAELAYTPNRLARALVTRR,447,577,42,43
seq743,TDPSMADVASRAGVSYQTVSRVLNEPGIVRPDTRTRVQQAITELGYTRNRAARALKTTR,316,403,19,32
seq744,GPVTLADVARRADVSRMTVSKVVNNKAGISDATRERVYRAIDELGYVANGAARALSAGR,340,421,26,20
seq745,STPTLAEVAAIAGVSHQTVSRVINSYPGVRPATRDRVRAAIEQLGYRRNTAARSLATRE,425,475,23,23
seq746,SRISMRDVARRAGVSQKTVSRVVNDEPHVSPELRARVRREIELLGYRPNTFARALVTRR,236,307,3,22
seq747,DLPSMTDVAARAGVSYQTVSRVLNDPGIVKAETRAKVEAAIAELGFTRNLAARSLKTTR,241,339,9,33
seq748,PPPVMEDVARRAGVSHQTVSRVLNDSPSVSPKTREKVRQAILELGYRRNTAARALVTRR,238,282,21,41
seq749,TASVMTDVARLAGVSHQTVSRVLHDSSQVRPETRERVLRAIEELDYRPNAMARGLVSRR,105,156,11,4
seq750,TPASIGDVARLAGVSLQTVSRVSNGSAAVRPGTRSRVLDAMTRLGYAPNHAARALRYGS,183,266,8,13
seq751,DHSNIREVAALAGVSTATVSRALQQPDKVRAETRKKVFDAVEKINFSPNAHARSFRQQS,110,121,0,3
seq752,RPPGMMDVAREAGVSHITVSRVINGHPSVRPETRAKVEAAIQKLGYRRNSVARALKSRR,386,535,36,22
seq753,__AKITDVAARAGVSHQTVSRVMNEHPNVASSTREKVLRVIRELDYQPNRAARSLSSQR,259,314,0,21
seq754,EGPSMADVAALAGVSHQTVSRVVNEHPSVLPDTRERVQAAIAALGYRRNSAARALVTRR,244,283,3,19
seq755,_____SDVAARAGVSHQTVSRVLNDHPSVRPETRDRVLAAITELGYRRNTAARALVTRR,363,455,15,28
seq756,STAAMSDVAQLAGVSHQTVSRVLNDHPSVRAETRERVLDAIATLGYRRNSAARALVTRR,351,432,21,18
seq757,GDPAMSDVAARAGVSHQTVSRVLNDHPSVRPATRDRVLAAIAELGYRRNSAARALVTRR,213,267,23,11
seq758,PEPAMNDVAALAGVSHQTVSRVLNDHPSVRPATRERVLEAIATLGYRPNLAARALVTRR,163,185,6,7
seq759,RPPAMSDVAVAAGVSHQTVSRVLNDHPNVSEATRSRVLAAIETLGYRRNSAARALATRR,297,352,30,41
seq760,SPPGMNDVARAAGVSHQTVSRVLNDHPNVREETREKVLAAISELGYRRNSAARTLVTQR,260,366,12,16
seq761,DSPAMSDVALAAGVSHQTVSRVLNGHPSVRPETRDRVQAAIASLGYRRNSAARALVTRR,244,311,11,20
seq762,_____SDVAVVAGVSHQTVSRVLNDHPSVRPETRARVLAAIAELGYRRNSAARALVTRR,421,520,32,19
seq763,SGPAMSDVAALAGVSHQTVSRVLNDHPSVLPATRQRVLDAIATLGYRRNLAARALVTRR,192,246,11,19
seq764,_____SDVAARAGVSHQTVSRVLNDHPNVRPATRERVLAAIAELGYRRNPAARALVTRR,334,392,11,17
seq765,RHPAMSDVAQAAGVSHQTVSRVLNEHPNVRPETRRRVQEAIEELGYRRNTAARALVTRR,277,326,2,22
seq766,_____SDVAALAGVSHQTVSRVLNGHLSVRPETRERVLQAIADLGYRRNSAARALVTRR,313,384,3,9
seq767,TPPAITDVASAAGVSYQTVSRVINDHPNVATETRERVLDAMQRLGYRRNIAARALKTRR,196,252,8,9
seq768,GPPAMSDVARLAGVSHQTVSRVLNDHPSVRPETRDRVLDAIATLGYRRNSAARALVTMR,442,523,33,15
seq769,_____SDVAKVAGVSHQTVSRVLNEHPSVRPETRDRVLAAIEKLGYRRNSAARALVTRR,337,446,32,30
seq770,PSPGMVDVAQVAGVSHVTVSRVLNGHPSVRPETRARVEAAIAQLGYRRNTVARALKSKR,280,373,21,19
seq771,TVPGVRDVARVAGVSRQTVSRVMNEHPSIRDETRMRVLAAMEELRFRPNRAARMLSTAR,389,456,20,10
seq772,DVPSMADVAVVAGVSHQTVSRVLNDHPNVRQGTRERVLEAIEQLSYRRNRAARTLATSH,702,830,27,101
seq773,QPPVMKDVARIAGVSYQTVSRVLNQHPNVSAGARERVEAAIAELGYRPNPAARSLVTRR,280,376,21,11
seq774,CRPRLEDVAERAGVSHQTVSRVINNHPNVSKATRERVEAAIAELGYRRNTAARSLVTRR,350,418,27,24
seq775,VDPSLKDVAREAGVSYQTVSRVINDGGRVSTATRDRVLAVIAELGYRRNDAARALVTSR,302,348,0,13
seq776,PGMSIKDVARLADVSYQTVSRVINDDPRVSDRTRDHVWRIIQSTGFVPNPAARALVMRR,273,304,13,28
seq777,TPPSIRDVAAFAGVSIKTVSRVVNNAPNVSRDLRDRVAAAIKALDYRPNQAARRLAGGR,302,408,15,23
seq778,RDPTIIDVAALAGVSIRTVSRVLNHSPRVNDDTRARIQSAIDALNFRPSLRARAMAKGQ,201,283,2,32
seq779,APARMIDVARLAGVSQQTVSRVVNGSPNVAPEIRDRVEVAIRQLRYRRNPAARALANGR,345,462,21,36
seq780,TTPSIYDVARLAGVSHMTVSRVLNDHPNIRPSTRERVLKAIADTNYTPSSIARALATQR,171,196,11,13
seq781,KKLTIDDIAKLAGVSKATVSYVINDKPGVSQELRCKIKKIIEDCNYVPNSAARGLAGEK,98,108,1,0
seq782,LRPNIRDVAELAGVSHQTVSRVINDHPSIQPQTRARVEAAIKTLGYRPNSAARSLARMR,206,281,7,3
seq783,RGPNIYDVATLAGVSHSTVSRVLNDQPHISDSARQRVLDAIERTNFMPSSIARALATRR,293,396,12,21
seq784,TTDSIYDVADRAGVSHMTVSRVLNGHPNIRASTRDKVMKAIDEMSYTRSSIARALATNR,145,179,3,16
seq785,PSPSIYDVARLAGVSHQTVSRVINDQPNVSRETRTRVLRVIDEIDYAPNMTARALATRR,172,244,12,24
seq786,SSPSVYDVARQAGVSHMTVSRVLNDQPNIRDATRDRVLNAIEELNYTRNNIAHALATRT,193,263,5,28
seq787,QSPSIYDVANHAGVSHMTVSRVLNGHPNIRESTRVRVLQAIDEMQYTRSSIARALATSK,400,541,32,26
seq788,NHPSMYDVAYRAGVSHMTVSRVINGHSSIREATRSRVLQAIEEMQYTPSSIARALATRR,294,382,9,25
seq789,QAPSIYDVAALAGVSHQTVSRVVNGHPNIRATTREKVLAAMGEIDYTPSSIARALATNR,173,204,6,12
seq790,EAASIRDVARLASVSYQTVSRVLNDHPSIREDTRQRVLAAIRTLDYRPNQAARALASAR,307,394,25,5
seq791,_ITIKDVAKKAGVSVTTVSRVLNNSSHPISPETRQRVLEAVAELGFLPNAAARSLQLQE,715,874,13,18
seq792,ETPSIRDVARLAGVSYQTVSRVINNSPQLRPETAARVREAIAELKFVPNQAARALATSR,215,252,12,4
seq793,GGPSIRDVARLAGVSHQTVSRVLNDHPSIRPETKAKVLDAIAVLDYRPNLAARALVTSR,266,304,12,20
seq794,VHASIRDVARVADVSYQTVSRVLNGHPSIRPATKQRVLDAMAELHYRPNQAARALVTSR,247,357,30,2
seq795,RVPSIRDVARLAGVSHQTVSRVLNNHPSIRDSTKARVQQVMEDLQYRPNRAARALSRGT,171,230,4,22
seq796,TFLSIRDIARLAGVSRQTVSRVLNGERYIKASTEAQVRKVIEEHSWRPNSAARALATSR,216,258,7,8
seq797,_____TDVAKLAGVSHQTVSRVLNDSPQVRPETRERVLRAVAELGYRPNAMARGLVSRR,165,229,12,0
seq798,KRPSMFEVAKLAGVSHQTVSRVINNSPDVSDATRAKVQAAIKQLDYHPSNSARALASRR,178,279,26,7
seq799,__PNIRDVARLAGVSHQTVSRVLNEHPSIRESTKQRVLDVMAELNYRPNRAARALVTSR,121,194,5,8
seq800,TDPNIRDVARVAGVSYQTVSRVLNDSPNIRPETLARVRAAIDELGYRPNQAARALVTSR,207,284,5,9
seq801,VHPNIRDVARLAGVSYQTVSRVLNDSPSIRPSTREKVLAVIEEVGYRPNVAARALVTSR,199,262,39,19
seq802,VHPSIRDVARLAEVSHQTVSRVLNDHPSIRPETKERVLLAMETLQYRPNRAARALVTSR,238,261,11,18
seq803,DLPSIRDVARLAGVSHQTVSRVLNDHPSIRETTKARILQAMEELQYRPNQAARALSKGR,275,357,17,32
seq804,DKPSIYDVARAAGVSHQTVSRVLNDHPSLRAETKRRVLAVMSELDYRPNLAARALVTSR,130,174,6,1
seq805,STRSIRDVARVAGVSHQTVSRVLNNSDAIRAETRDKVLAAMEQLQYRPNRAARALVTSR,187,295,3,5
seq806,FEPSMHDVARLAGVSHQTVSRVINDLPNIREETKQRVLDSMEQLQYRPNRAARALVTSR,188,286,3,10
seq807,PPPSIRDVARLAGVSHQTVSRVLNAHPSIRPETRERVLAVMGELNYRPNRAARTLVTSR,203,311,4,17
seq808,PKASIRDVARIAGVSRQTVSRVINDHPSLRPETRDRVQAVIDQLHYRPNPIARALGGSR,217,249,25,15
seq809,VNANIRDVAKMAGVSHQTVSRVINGHPSLREGTRQRVLDAMEALQFRPNRAARSLVTSR,241,300,0,2
seq810,PEPNIRDVAALAGVSYQTVSRVLNDSPSIRPATRQRVLDVIEQIGYRPNQAARALVTSR,140,199,12,24
seq811,_SATVVDVARRAGVSTATVSRVMNRNYPVAAATRERVEAAMRELGYVVNAHARALAGAS,263,345,16,23
seq812,DSPRMVDVAVLAGVSHQTVSRVINGTGNVAPDMRARVEAAIERLRYRRNPAARALATSR,276,360,27,7
seq813,VEPNIRDVARAAGVSHQTVSRVINGHPALRDSTRQRVLQAMEELRFRPNRAARALVTSE,316,407,5,13
seq814,TGPVMTDVARLAGVSHQTVSRVINGQNNLRPETRDRVQNAIDQLGYRPNRAARALVTKR,266,389,3,11
seq815,GGPTIRDVAVRAGVSYQTVSRVLNDSPQLRPHTRERVLAAIDDLGFRRSAAARALATNR,279,362,5,10
seq816,HRPTMADVAARAGVSHQTVSRVINNAPSVRPETAARVVQAISDLGYRPNRSARLLASRH,500,572,33,33
seq817,_____DDVARLAGVSAQTVSRVSRGSDKVRESTRERVLVAMRQLGYVPNRAARALRNGS,325,370,11,11
seq818,SVPSIGDVARLAGVSSQTVSRVSTGAERVRPETRERVLSAMEQLGYSPNHAARALRYGR,20,20,0,0
seq819,_____VDVAVLAGVSQQTVSRVINGAPNVSPEIRARTEQAIAQLRYRRNTAAAALASSK,1050,1382,29,82
seq820,ESLNIRDVAREAGVSYQTVSRVLNGSDRIREKTREHVQSVIDRLGYRPNPVARALSTNR,136,180,7,5
seq821,HQASMRDVAALAGVSHQTVSRVINGHPSIRESTRQRVLAAMDQLHYRPNRAARALVTAR,258,355,15,5
seq822,AAANIRDVARRAGVSHQTVSRVLNGHPSLRTETRDRVLAAMDELSFRPNRAARALVTSR,338,442,18,17
seq823,GGAVMADVARRAGVSGQTVSRVLNDHPRVRPETRERVRAAMRELGYRPTASARTLASGR,308,446,3,29
seq824,TPPTLHDVARLAGCSYQTVSRVVNDQGAVHPDTRERVLSAIAEVGYRRNAAAAALKTDR,449,565,24,32
seq825,_____IDVAMLAGVSQQTVSRVLNKHSNVSTDARERVESAIKRLRYRRNPSARALATSR,333,371,5,4
seq826,QQPGMTDVAELAGVSAQTVSRVLSGHPNVKEKTKVAVLAAVDQLGYRLNSAARTLSSGR,116,133,2,3
seq827,GDPSMADVAELAGVSSQTVSRVSTGADHVKPETRARVLVAMKALGYSPNGAARALRYGN,261,329,21,20
seq828,AQPSMRDVATAAGVSAQTISRVLNDHPNVQESTRRRVLAVVEELGYRRNNTARALVTGR,287,352,20,24
seq829,EAPGMVDVARVAGVSAQTVSRVLSGHPNVQARTREKVLAAVEQLGYRRNNAARMLSSGR,337,360,16,42
seq830,DVPSMADVARVAGVSAQTVSRALRGSAHVNPDTGRRVLAAVEQVGYRFNSAARALSSGR,308,423,8,27
seq831,PAPAMADVARVAGVSAQTVSRVLSGHPNVNAVTRARVRAAIEETGYRRNSLARALVTGR,205,240,15,17
seq832,PEPGIRDVAQLAGVSPQTVSRVLNGHPSVKPTTRETVKSAIEQLGYHRNYAARSLSTGR,143,165,9,21
seq833,__PTMADVAAIAGVSPQTVSRVLRGLDNVTEVTRLQVEAAVQQTGYRRTGLARALVTGR,119,152,0,15
seq834,DTASMTDVAALAGVSQKTVSRVVNDEPHVTEAVRAKVEAAIAELGFRPNAAARSLKSQR,254,349,24,22
seq835,_____MDVAAHAGVSQKTVSRVVNNEPHVTDEIRAKVTAAIAELGFRPNAAARSLKGAR,378,449,7,9
seq836,QWITIKEVAEEAGVSQMTVSRVLNKQKLVKESTRLKVEAAIAALNYRPNLMARSLAGGK,250,345,10,15
seq837,STVSMMDVAAAAGVSQKTVSRVVNDEPHVSPVIRERVLGTIAELGFRPNSAARVLKGQR,319,415,17,10
seq838,_____ADVARVAGVSQKTVSRVVNREAHVSPAIERRVADAIAQLGFRPNATARALATQR,531,613,21,47
seq839,ERPAMVDVAQHAGVSQKTVSRVVNGEPNVSSAVRERVLAAIDELGFRPNSAARALVTAR,292,370,16,15
seq840,ADPSMVDVARAAQVSQKTVSRVVNREPNVSPEVRTRVLEAIASLGFRPNSAARALVTNR,251,301,8,36
seq841,_SPGSVDVARRAGVSQKTVSRVMNGEQYVSAEVRERVLEAARELGYRRNTAARALNLGR,338,426,27,34
seq842,HIVSMMDIARHAGVSQKTVSRVVNGEAHVSPDVKAKVQQSIDELGFRPNAAARALVTQR,187,244,2,10
seq843,_____HDVARAAGVSQKTVSRVVNGEPHVSDDVRARVQQAIDALGYRPNTAARALIRGR,395,507,33,33
seq844,__VVAVDVARAAGVSQKTVSRVINGDPHVRPEVRERVRAAAAQLGYRPNRAARQLVSGR,9,7,0,0
seq845,TRGRSVDVAQLAGVSQKTVSRVLNGERYVSEDVRRRVLEAAEQLGYRLNSAARALASGR,248,353,6,16
seq846,STTGMTEVARAAGVSQKTVSRVVNGEPHVSPEVRERVLRAVRDLDYRPNTAARALLLGR,335,401,21,11
seq847,RLPRSIDVARLAGVSQKTVSRVMNGEQYVSGDLRRRVLEAAETLGYRLNHAARALASGR,299,385,2,18
seq848,RSPSSKDVALAAGVSQKTVSRVFNNEQYVSADVRRRVQAAAEEIGYRPNNAARALASGR,218,273,9,10
seq849,PSPGMTDVARLAGVSQKTVSRVVNNERYVSDDVREKVLRAARELGFRPNTAARALITGR,189,242,12,11
seq850,GIASMFDVARRAGVSHQTVSRVLNAPPNVRESTRVRVRTAIEELGYRPNRAARTLVTGR,326,381,28,36
seq851,RGPSMVDVARLAGVSHQTVSRVLNDHPNVRAGTRTRVRSAIAELGYRPNRAARTLVTGR,364,395,20,16
seq852,WTPAMTDVARLAGVSHQTVSRVLNGHPNVREQTRLRVQAAITELGYRPNRAARALVTGR,250,321,12,21
seq853,VEPAMTDVARLAGVSHQTVSRVLNSHPNVREQTRLRVLAAVKELGYRPNRAARALVTGR,182,241,16,9
seq854,RVPGMMDVARLAGVSHQTVSRVLHEHPNVSEPTRLKVRAAIAELGYRPDRTARALVTGT,239,307,4,19
seq855,_____TDVARLAGVSHQTVSRVLNDHPNVKEQTRLRVRAAMEQLGYRPNRAARALVTGR,290,377,16,17
seq856,GVAVIGDVARLAGVSNQTVSRVLNERPNVRPETRERVLDAIRRLDYRPNLMARGLVRQQ,275,288,5,36
seq857,___VLGDVARRAGVSAMTVSRVLNERPGVGDRTRARVFAVAAELGYRPNRLAQALVTGR,470,589,26,33
seq858,__PTLSDVAAEAGVSPTAVSRYLNNRIDLPQATRDRIDAAIAKLDYRPNLLARRLSTGK,436,547,36,35
seq859,AGPGIRNVADLAGVSHMTVSRVLNGHPNIKPDTRRRVLEAIEELDYRPNMVARALATQR,175,193,2,0
seq860,SDTGIRLVASLAGVSHMTVSRVLNGHTNIRPATRQRVLDVISDLNFTPSTAARALATHR,318,468,6,7
seq861,DGLGLREVAERAGVSHMTVSRVLNGHPQVKESTRQRVLEVVAELDFRPNSAARELVTQR,278,311,29,24
seq862,EKPNIRQVAAAAGVSHMTVSRVLNDHPNIKDSTRRKVLRVIEELNYRPNGAARALATQR,137,177,0,8
seq863,NPPNIRHVASLAGVSHMTVSRVLNNHPNIKPDTRQRVLAVIEELNFRPNSAARALATQR,189,283,12,32
seq864,LEVSMADVARRANVSGQTVSRVSNGKQNVDAQTRERVLEAMRALGYRPNSAARALRTGR,270,361,14,27
seq865,RRVSMADVARAAGVSQQTVSRVANGLPNVNEQTRQRVQAAMQKLGFRPSYAGRSLRDGR,162,237,12,1
seq866,RAPSQADVAALAGVSSQTVSRVANDKSNVDDETRQRVLAAMEMLGYRTNPAARALATGQ,111,121,2,12
seq867,SAASQADVAALAGVSSQTVSRVANDRPNVEPETRERVLSAMRMLGYQRNSAARALTLGR,109,152,18,15
seq868,ATDSQADVARIAGVSGQTVSRVANGARYVDAATRERVLSAMREVGYRPNRAARALRSGR,199,213,12,0
seq869,QRPTQADVARHAGVSAQTVSRVVTGAARVDEPTRERVLASMRELGYRPNRAARALRSAR,197,257,3,7
seq870,DSPTMVDVAAVAGVSPQTVSRVSNGSPNVEASTRTKVLEAMRSVGYRPNAAARALTTGR,241,289,19,25
seq871,TDPSMADVAREAGVSGQTVSRVSTGRPNVDEATRDRVLAAMRKLGYRPNSAARALRSGR,237,350,17,10
seq872,PRPSMADVAALAGVSAQTVSRVANGLTNVDPSTKDRVVAAMNEIGYRPNSAARALKTGR,146,168,3,0
seq873,RPPSMADVAKEAGVSGQTVSRVANGRSNVDDATRERVLAAMRRVGYRPNSAARALRNGR,364,476,26,23
seq874,IRPSMADVAALAGVSSQTVSRVVNARSNVDADTRDRVLAAMEDIGYRPNSAARALKSGK,380,460,36,58
seq875,ENPSIGDVAKAAGVSAQTVSRVSNGLTNVEESTKNRVLDAMKELGYRPNRAARALKSGQ,155,189,15,10
seq876,SAPSMAAVAEAAGVSMQTVSRVARGFDNVSPDTRDRVQQAMDTLGYRPNRAARALRSGR,350,402,26,14
seq877,DEPSMADVALAAGVSAQTVSRVATGKGVVKESTRQRVVDAMQELGYRPNGAARALKFGR,259,320,2,26
seq878,SAASIDDVARRAGVSGQTVSRVANGRSNVGAATRERVLEAMRELGYRPNSAARALRSGQ,325,442,22,16
seq879,ETVSMADVAAAAGVSGQTVSRVANGRTNVDPDTRQRVLDAMASLGYRPNSAARALRSGR,194,218,2,0
seq880,GWPSMEDVAREAGVSGQTVSRVVNARGYVGAATRERVEAAMNSLGYRPNSAARALRSGR,339,493,23,37
seq881,EQPSIIDVAREAGVSAQTVSRVANGMDTVRPVTRDKVLAAMDRLGYRPNSAARALKTGR,297,327,8,36
seq882,ASASAADVARHAGVSMQTVSRVARDLENVQPATRDRVRASMVELGYSPNRAARALRSGR,280,344,15,13
seq883,LSVSQRDVAELAGVSGQTVSRVASGVGAVSEKTRRRVEAAMAELGYRPNVAARALRLGT,161,188,8,4
seq884,ANVSLREVAQRAGVSGQTVSRVANNVPNVADATRRKVLAAMDELGYRPNVAARALRRGA,81,103,0,0
seq885,SAVSLHDVARHAGVSGQTVSRVANNSERVAEPTRHRVLAAMSELGYRPNVAARALRRGA,75,106,5,0
seq886,TDTSMADVARHAGVSTQTVSRVSNGLSNVEPATRDRVLASMRELGYRPNRAARALRSGQ,268,339,18,10
seq887,STPSMADVAAHAGVSSQTVSRVANGLTNVDDGTRDRVLEAMTELGYRPNKAARALRSGR,265,291,23,19
seq888,HEPSMNDVARLAGVSGQTVSRVTNGSQSVLPETRRRVIDAMDALGYSPNSAARALRSGT,200,268,11,7
seq889,_TASMADVAKVAGVSSQTVSRVANDKTNVDHATRERVLEAMKEVGYQPNHAARALRTGR,251,340,14,13
seq890,RRVSMADVAARAGVSTQTVSRVTNGVGAVAPATRERVLSAMRSLGYRPNAAARALKRGS,69,99,15,10
seq891,GNKSIYDVAREAAVSAQTVSRVVRGHQNVSPLTRERVLQAISDLGYKPNRTARALRTGS,213,306,8,17
seq892,LSVSLADIARRAGVSTNTVSRVVRGDPEVSEKTRARIAKLVEELGYVPNYAARALAAKR,343,373,28,6
seq893,GTASIKDVAQRAGVSPQTVSRVANGYVHVRPEKREKVLAAMKELGYRPNSAARNLKSGR,235,311,28,5
seq894,QGPSIADVARAAGVSAQTVSRVSNGHSNVEDGTRIKVQDAMRRLGYRPNGAARALKSGQ,177,225,0,17
seq895,QTVSMADVAAHAGVSAQTVSRVSNGAQNVEASTRQRVVDAMAELGYRPNSAARALKTGR,164,201,1,9
seq896,PAASIYDVAAHAGVSAQTVSRVANGQTNVRPTTRDRVLESIQALGYRPNSAARNLKSGK,154,211,12,8
seq897,TSGSMADVARRAGVSAQTVSRVSNGYQGVVPQTRELVLKAMDELGYRPNSAARALKLGS,169,241,0,3
seq898,QETSLRDVAQAVGVSVQTVSRVANGEPNVAPEKRELVLAKMRELGYRPNAAARAIRRGS,91,142,0,2
seq899,ENVSMADVAARAGVSMQTVSRVANGTAAVVPATRQRVIRAMNELGYRPNSAARALKLGS,140,183,4,4
seq900,VHASMADVARLAGVSSQTVSRVSNGYAGVNEETRRQVLAAMQELGYRPNSAARALKRGE,258,353,43,7
seq901,ELVSMADVAKLAGVSSQTVSRVSNGHPGVIESTREQVLAAMRELGYRPNSAARALRYGR,306,386,14,11
seq902,TTVSMSDVARLAGVSAQTVSRVSNGSAGVIDATRQQVIAAMNELGYRPNSAARALKRGS,143,168,8,0
seq903,IDVSMADVARLAGVSTQTVSRVSTGYSGVDGSTRRQVLAAMKELGYRPNGAARALKHGE,263,318,1,9
seq904,_____ADVARLANVSSQTVSRVANGETSVVESTRQTVLRAMEELGYRPNSAARALKRGA,134,194,4,10
seq905,_____VDVARLAGVSQQTVSRVVNRAENVTPEIRERVEQAIEQLHYRRNTAAAALASNR,294,394,24,23
seq906,__ATIKDVAKLAGVALSTASYALNGDSKVSAKTKSKVLEAARELNYRKNGFAMDLKRSR,196,246,25,2
seq907,QGPSMADVAAMAGVSSQTVSRVANNRENVDASTRERVLAAMKMLGYRPNTAARALVTGR,99,109,0,7
seq908,DMPSVADVARLAGVSTQTVSRVTSGASNVRPGTRDKVLRAMEQLGYSPNLAAQALRRGS,184,243,9,0
seq909,DRPSMADVAKIAGVSAQTVSRVANGRANVDLATRDKVLSAMRVVGYQPNGAARALATGR,233,305,2,11
seq910,QTASMADVARHAGVSSQTVSRVANGLSNVDTSTRERVLASMRAVGYRPNGAARALKYGR,229,288,12,5
seq911,IGPSMADVARHAGVAPQTVSRVSNGHTNVDPATRQRVVESMQALGYRPNGAARALRSGR,359,479,38,27
seq912,GNVGMREVAARAGVSTQTVSRVINEHPHIRPETRARVEQAMADLGYRMNNAARSLGTST,212,277,9,24
seq913,RTVGVRDVAALAGVSRQTVSRVLNDHPDVAPDTHARVVAAMEELGYRMNNAARALGTHR,385,393,13,34
seq914,REVGVRDVAAHAGVSTQTVSRVINDHPHIRPETRERVRAAMAELGYRVNNAARSLGTAT,234,299,16,14
seq915,PAVGVRDVAAHAGVSTQTVSRVLNGHPHIRPETRQRVLDAIQALGYRINNAARALGTST,64,98,0,0
seq916,GIVGVRDVAAAAGVSTQTVSRVINDHPHIRPETRDRVVAAMAELGYRVNNAARALGTAT,113,126,0,3
seq917,AMGSVRDVAARAGVSTQTVSRVINDSPNLRPETRARVEAAMAELGYRVNNAARSLGTST,163,260,14,2
seq918,EVIGVREVAAAAGVSTQTVSRVLNGYAGIRDSTRERVLAAVADLDYRVNNAARALGTSL,97,113,7,9
seq919,__ATLFDVAAAAGVSHQTVSRVVNGDPSVRPATKAKVDTAIDELNYRPSLAARALASRR,335,453,17,22
seq920,YVSLKDVAARAGVSFQTASKVLNGHSRVASPSTRERILRAAADLGYVPNAMARGLVRQA,109,150,0,2
seq921,KVSKLSEVARLAGVAPITASRAIRGAGYVSAETRERIMAAAAQLNYTPDPLARRMRGDR,225,338,15,10
seq922,NSITIKDVAREAKVSVATVSRALNGHDNVAEAVRKAVLEVADRLRYSPHAAARSLSSRH,249,299,0,2
seq923,EPVRMIDVAKLAGVSQQTVSRVVNGHSNVGAEVRDRVERAIAQLRYNRNWAAHALATNR,205,263,12,7
seq924,__ITFKEVAKLAGVSTQTVSRVTNGSDNVAEETRKRVNDAIKKLGYVPNKGAQMLSRAK,396,432,1,27
seq925,EAPGMMDVARLAGVSPQTVSCVLNDPESVRPVMREKVREAMAQLGYRRGSAARSPVAES,248,406,23,5
seq926,NGPSMADVAELVGVSHQTVSRVVNGKGRVSPRTRERVQAAIEQLGYRPNSVARALVTAR,327,347,4,19
seq927,YVSLKDVAERAGVSFQTASKVLNRRSGVVSVATRERIERAARELGYVPNALARGLVRRD,637,748,32,47
seq928,HHPSMMDVAAAAGVSHQTVSRVLNASGKVAPDTRQRVLDAIEQLGYRRNSVARALVTRR,252,335,15,6
seq929,ARPAMMDVARLAGVSHQTVSRVVNDTGHVAEETRSRVLAAIEQLGYRRNSVARALVTRR,298,380,11,18
seq930,EQPGMMDVARLAGVSHQTVSRVINRPESVRPATLAKVRAAIDQLGYRPNLNARALVTDS,271,332,27,16
seq931,VRVTIDQVARNAGVSRQTVSRVVNNHPSVAPNTRLRVQKVISRLGYHPNALARSLVRRR,221,315,12,1
seq932,___TIVDVAAHAGVSAGTVSNVLTGKRPVAEATRERVLRAVEELGYQPNLLARSLVNRS,375,436,44,32
seq933,_TVTIVEVARRARVSAGTVSNALTGKRPVSPATRARILRAIEELGYQPNLLARGLVNRR,542,584,13,31
seq934,HNPTIKQVAKAAGISTQTVSRVINNRPDVAEETRQRIQQVIEELGYQPSALARSLIQQR,114,123,1,11
seq935,______________STQTVSRVINNRPDVSPQTRKRVQEIIDQLGYQPSALARSLIRQR,1283,1455,53,52
seq936,GTPTIKEVASAAGVSTQTVSRVINERPDVSPETRKRVQDIIDELGYQPSALARSLIRQR,234,322,4,1
seq937,SSVTIFEVASQAGVSYGTVSRVLNQDQHVKAETRERVMKTIRDLGYVVNRQARSLAGGK,411,516,25,15
seq938,PNTSLKDVARTAGVSVATVSRLLNGSLELPADTKARIEDAIRQLNYVPNPHARRLSRGR,186,245,0,1
seq939,RNTTIMDVAREAGVSYATVSRVVNNKEYVKSDTRERVLKAITSLGYVVNQQARSLAGGR,224,323,7,0
seq940,FHITIFDVATEAGVSFGTVSRVINNDVHVKPETRERVLQAMEKLGFVANRQARSLAGGK,619,666,12,16
seq941,_TVTIKDIAKRAGVSYSTVSRALNNRPEVNEKTRREIQKLAEEMGYRPNAIARGLVTQK,492,624,10,36
seq942,__ATSEQVAQLAGVSRATVSRALNGSARVSDEVRERVHAAIAALGYEPDVVAQSLVRQH,832,891,36,58
seq943,_TVTIKDIARKAGVSYATVSRALNNRPEVSEKTRREIQRLAAEMGYKPNAIARGLVTRE,423,478,13,27
seq944,__LTIRDVAQRAGVSYTTVSHVLNNTRPVSEEKRARVMAAIAELNYVPSAPARSLKARS,164,194,8,3
seq945,__VGIKDVAEAAGLSVATVSRALNGNPSVSDAARERVLAAADALGYRPNVVARSLRTHR,522,636,12,33
seq946,_ATLSDVARRAGVSPATASRVINGSSKPVNDELRERVLQAVAELQYVPNAHAQLLARSH,476,618,32,39
seq947,__ATIKDVAARAGISYTTVSHVVNNSRPVSAHVRRKVESAIAELNYVPSAVARSLKARS,23,34,0,8
seq948,__ATIKDVAAIAGVSFTTVSHVVNNSRPVSADVRAKVERAIRELDYVPSAVARSLKARS,59,63,0,10
seq949,CLATIKDVAALAGISYTTVSHVLNKTRPVSEPVRLKVEAAIAQLDYVPSAVARSLKAKT,81,92,6,19
seq950,__ATIKDVAALAGISYTTVSHVINNTRPVNAETRRKVEAAIAQLDYVPSAVARSLKGQA,8,8,0,0
seq951,__ATIKDVAARAGISYTTVSHVVNGTRPVSDAVRSKVEAAIAELGYVPSGVARSLRAQA,233,270,17,12
seq952,__ATIKDVAALAGVSFTTVSHVINNTRPVNAETRKRVEEAIRATRYVPSAVARSLKHRT,63,73,19,6
seq953,__PTIREVAARAGVSPTTVSHVINNTRFVSPEARERVLQAMEELGYRPNVLARSLRRGE,255,315,18,43
seq954,__ATIKDVALRAGVSVTTVSHVVNDTRHVSAKGRERVELAIRELGYVPNAMARSLKSNT,205,235,0,14
seq955,__SSIKDVARRANVSISTVSHVVNATRFVSESSRKQVETAIRELGYVPSAVARSLKSNS,129,187,10,7
seq956,__ATIKDVAKLARVSTSTVSHVLNKTRFVSPEITERVESAIEALHYAPSALARSLKVNQ,95,149,2,7
seq957,__PTIREVAARAGVSPATVSRVMKGEVPVNAETRARVEAAISALGYAPNAFARSLASNR,224,220,0,2
seq958,__STIKDVAQHAQVSVATVSHVINDTRFVSEATRERVQAAIAALRYVPSALARSLKSNR,274,321,1,17
seq959,__VTIRDIAEKAGVSINTVSRALNNKPDISEETKKRILEIARELGYVKNATASSLRSKR,184,221,16,1
seq960,ALPTLAHVARIAGVSQMTASRALNDRPGVSQETREEILRVAANIGYVVNRSAQKLSGGR,328,425,25,14
seq961,PSPTLAHVAKRAGVSQMTASRALNDRPGVSRETREAVRKIAAEIGYVVNRSAQKLSGAR,202,255,1,24
seq962,QTPTLAHVAKLAGVSQMTASRALNGRPGVSRETRDEVLRIASDIGYVVNRTAQKLSGGR,270,345,6,3
seq963,KPSKLIEVARLAGVAHITASRAIRGEGYVSEDTRARVMEAAAQLNYTPDIVARRMRTKG,115,107,0,0
seq964,__KISIFDVAKKSGLSVVTVSRVINNAPSVREKNREKVLRAMKELGYHPSAAARSLARG,96,141,0,0
seq965,__KVNIFDVARKSGLSVVTVSRVLNNVSSVREKNRQKVLEAIKELNYSPNSAARTLVRG,135,157,3,2
seq966,DFISILDIVEKSGVSLVTVSRVLNNVPTVREENRQKVLQAIKELDYRPNSAARSLARGT,113,158,0,2
seq967,KKVSILDVVEKSGVSLVTVSRVLNNSTTVRESNRQKVLQAMKDLGYTPSSAARSLARGS,104,116,0,1
seq968,_KPSIFDVANKSGLSVVTVSRVLNGSGNVREKNRLRVLAAMKELDYRPNAAAQSLAKGK,373,455,23,0
seq969,_KINIHDVAKKSGLSVVTVSRVLNGSPSVREHNRQKVLEAVKELGYRPNAAARSLSSGR,71,68,0,0
seq970,_KISIFDVAKRAGVSVVTVSRVLNDSPTVRENNRQKVRQAIKELDYRPNSAARSLARGK,401,515,11,48
seq971,_KVSIFDVAKKSGLSVVTVSRVINQAGTVREGNRQKVLQVMKELDYQPNAAARSLARGK,383,474,16,5
seq972,_TVNIHDVAKKSGLSVVTVSRVINNAPSVREKNREKVLKAMEEMNYQPNSAAQSLIRGK,406,509,13,33
seq973,_KASIYDVAKKSGLSVVTVSRVLNHDPSVREKNREKVLQVMRELDYRPKAAARSLAKGK,315,402,3,17
seq974,_KVNIFDVAKKSGLSVVTVSRVLNHSTTVRANNRDKVLQAMKDLNYQPNAAARSLALGR,81,153,0,9
seq975,_KVSIFDVAKKSGLSVVTVSRVLNKSTSVRQKNKEKVLQAMKDLDYHPNASARSLASGK,234,264,17,1
seq976,_KPSIFDVAKRSGLSVVTVSRVLNGSGNVRENNRLKVLSAMKELDYRPSAAARTLARGS,25,34,0,3
seq977,_KVSIFDVARKSGLSVVTVSRVLNNSPSVREKNRQRVLNAMKELDYHPNAAARSLARGK,317,422,5,10
seq978,_KVNIFDVAKKSGLSVVTVSRVLNNSPSVREKNRQKILQAIKELNYIPNSAARTLVRGK,104,177,0,2
seq979,_KVSIFDVAKKSGLSVVTVSRVLNNATTVREKNRQKVLQAMKELDYHPNAAARSLAKGK,290,328,15,0
seq980,_KVSIFDVAKKAGLSVVTVSRVLNNARTVREKNRQKVLQAMKELDYHPNAAARSLAKGK,261,340,9,9
seq981,_KVSIFDVAKKSGLSVVTVSRVLNGAESVREKNRQKVLEAIKELDYRPNAAARSLASGK,211,292,0,11
seq982,__VTIYDIAKKTGFSITTVSRALNNYSDVSEKTKKLILQAVDEMGYYPNSIARTLTTKK,288,392,8,13
seq983,__TTIYDVAKKAGVSSTTVSKALNNYPDVSEKTKNVILTVAAEMGYLPNSHAQSLSTKK,490,572,28,0
seq984,__VTIYDVAKKSGFSSTTVSKALNNYSDVSEKTKKKILETAAEMGYLPNAHAQYLSTKK,325,443,6,17
seq985,GTVTIYDLAKKTGVSSTTVSKALNNYADVSPKTKQKILDAAAEMGYLPNAHAQSLSTKK,504,609,53,56
seq986,__VTIYDVAKKTGFSSTTVSKALNNYSDVSEKTKQEILRAAAEMGYLPNSNAQSLSTKK,510,613,21,42
seq987,FKTTIYDIAKKTGFSITTVSRALNNYSDVSEKTKKLILEAVEEMHYYPNSVARTLSTKK,260,300,5,10
seq988,_KLTTIYDVAKKTGFSITTVSRALNNYPDVNEKTKKKILEAVEEMGYFPNSIARSLTTK,217,220,5,10
seq989,__TTIYDIAKKTGFSITTVSKVLNNYTDVSEKTKKKILEAVDEMGYYPNSHARSLMTKK,365,494,32,7
seq990,__ATIYDIAKKTGYSITTVSKVLNNYSDVSDKTRKKIIEAVNEVGYYPNSNARTLTTKK,566,693,3,25
seq991,__TTIYDIAKKTGFSITTVSRALNNYSDVSEKTKKKILDAVEEMGYYPNSIARSLTTKK,299,353,15,2
seq992,__VTIYDIAKKTGFSVTTVSKVLNNYSDVSEKTKKAIKAAVEEMDYLPNSHARTLTTKK,418,487,18,16
seq993,__VTIYDIAKKTGYSVTTVSKVLNNYKHVSHKTRKAILDAVEEMGYLPNSHARTLTTKK,593,735,34,34
seq994,__ITIYDIAKKTGYSPTTVSKVFNNYTDVKEQTRQTILQAAKELGYLPNAHARTLTTKK,331,436,7,3
seq995,_KATIYDIAELSGYSISTVSKVINNNPNVSDKAKTKVLDAINQLAYLPSSSARALATNK,435,502,9,23
seq996,__ATIYDVAKEAAYSISTVSKVLNNSTNVSSRARKKVLEAIETLDYVPNSSARTLATKK,737,844,50,30
seq997,__VTMLDVAKLCGVSYQTVSRVINGSPQVSMKTRDLVLNAIKRLGYHPNQLARSLKTRH,495,648,21,20
seq998,KGATLNDVAREAGVSQQTVSRVLNNPAQVSARTREKVLHAMSVLHYVPNRSAQLLAGKT,230,305,14,19
seq999,RQATLEDVAALAGVSQQTVSRVLNNPGIVSARTQEKVLDAMARLSYVPNRSAQLLAGKA,202,284,8,3
seq1000,HSATLDDVARLAGVSLQTVSRVLNSPEKVATRTQEVVHQAMRTLRYVPNRSAQLLAGKV,200,278,1,33
seq1001,FTATLEDVAKEAGVSQQTVSRVLNNPDIVSERTRNKVLGAMNTLNYVPNRSAQILAGKT,78,89,0,13
seq1002,KNPTLDDVARQAGVSYQTVSRVLNGSAHVAEATRARVEDAIKTLNYVPNRMAQQLAGKR,262,324,6897,6754
seq1003,NLATLADVARHANVSYQTVSRVLNNSANVSAKTRQKIEQAIAELKYVPNRVAQQLVGKE,683,849,22,35
seq1004,EEATIYDVARVAGVSHQTVTRFLQGFEGIRPATRSRVEAALAELDYRPNLTARSLRARR,402,557,12,25
seq1005,__ATIYDVARMAGVSGQTVSRLLKGYQGIRPETRERVTEALEALDYRPNLTARSLTTGR,336,442,11,20
seq1006,SPATIYDVAQAAGVSHQTVSRFLKGFEGIRPETREKVEQALDELGYRPNLTARSLKSGR,280,324,11,27
seq1007,DSATIYDVARRAGVSHQTVSRFLKGYQGIRPATRDKVVSALDQLGYRPNLTARSLKSGR,285,383,5,21
seq1008,KRATIYDVARHAGVSHQTVTRFLNGFEGIRPATRAKVQAAIDELNYRPNGAARWLRSRQ,316,414,11,17
seq1009,QEPTIYDVAERAGVSHQTVSRYLKNKTALKPSTLERVERALSELNYTPNLAARALRSRE,196,305,7,25
seq1010,__VTLEDVAAHAGVSRATVSRVVNGDTKVKSHTRIKVEAAIAELGYSPNPAARALASSQ,186,244,7,7
seq1011,__ITLEDVASYSGVSRATVSRVVNGDKKVKAATRTKVENAIVELGYSPNLAARELASNQ,187,218,17,6
seq1012,__VTLEDVAAYAGVSRATVSRVVNGDQKVKAATREIVVRAIAMLGYSPHPAARALASSQ,275,310,15,25
seq1013,__ASIKDVAELAGVSRATVSRVLNETGQIKEATRDRVHAAMKKLNYRPNPLARSLATSS,157,174,4,8
seq1014,__VTLEDVAAHAGVSRATVSRVVNGDSKVKSQTRARVEAAIQTLGYSPNPAARALASSQ,158,219,3,12
seq1015,__VTLENVAAHAGVSRATVSRVVNGDSNVKLATRQRIEQAISDLGYSPNPAARALASSQ,211,267,4,19
seq1016,__VTLEDVAVLAGVSRATVSRVVNGDTNVKPQTREKVEQAVAVLGYTPNPAARALASSH,354,489,7,7
seq1017,__ANIDDVAKLANVSTATVSRVFNNSPYVSEKARESVLKAAKELGYEPSILARSLAMKK,890,1142,49,89
seq1018,QGPTINDVARLAGVSKKTVSRVINRSPLLNADTRAKVEAVIADLGYVPNVQARALALRR,266,369,26,5
seq1019,__VRIADVARMANVSTATVSRVISNAGTVKKETAEKVLEAIKKLNYQPNMLARQLRRSE,294,351,1,3
seq1020,_SVKMSDVAKLANVAPATVSRVLSQPHLVSKETQEKVLKAIEELNYQPHIIARQFRKKE,493,593,0,41
seq1021,TIVKMSDVAKLAEVSNATVSRVLSSPENVREETRKRVLESIKELNYQPNTIARSFRKME,171,249,5,7
seq1022,EIVGIVDVAKRANVSTATVSRVLTKPETVRETTTEKVLKAIEALDYQPNILARQLRRLE,373,475,18,43
seq1023,PMASIKDVAKRANVSTATVSRVLRNAGNVTEETKRRVLEAIEALNYQPNVLGRYLRRME,357,444,6,12
seq1024,ANITIKDISRMAGVGVSTISRVLNNHPDVKVETRKKVLDVIEKVNYIPNNSARNLKRNT,45,45,0,0
seq1025,_TVTIYDVAREAGVSMATVSRVVNNNPNVKPQTRKKVLEAIERLGYRPNAVARGLASKK,536,713,7,31
seq1026,__PKMSDVARLAGVSTATVSRVLRNPDAVKTGTKEKVLEAIHQLNYQPNMLARHFRRTE,181,254,23,3
seq1027,_KATIYDVAKQAGVSIATVSKVINQTGRISEETRAKVNRIMQELNYQPSVVASALTGKQ,284,354,12,23
seq1028,__ATIRDVARLANVSVATVSNALNNAGRVSPELLARVRAAVDKLGYAPDAAARSLRKGA,120,144,3,0
seq1029,_KVTIYDVAKKAGVSISTVSRVLNNTGRISERTRKRVLRVMEELHYQPSMVASALTGKR,161,249,1,6
seq1030,_KKTIYDVAEAAGVSISTVSRVINHTGRISKSTRQKVLEVMKELDYQPNVHASALTGKR,87,108,0,0
seq1031,_KATIYDIAREAGVSIATVSQVINGKGKISEKRRAEIMEIMERLHYQPSAIAAALTGKQ,129,148,6,6
seq1032,_KATIYDVAREAGVSIATVSKVINAKGKISQERRREIHAIMERLHYQPSVIASALTGKH,536,601,18,28
seq1033,IRATIYDVAREAGVSIATVSHVINGKGKISRERREEILDIMKRLNYRPNAIASALAGKR,334,415,39,63
seq1034,KRISIEDIARKAGVSHSTVSRALRDSPLISAKVREEIKKLAQEMNYVPNAIAQSLQNQR,107,117,7,3
seq1035,__ATIYDIAREAGVSIATVSKVMNQTGRISDKTRKHVLDIMKKSDYQPSVVASALTKKR,211,245,2,15
seq1036,_KATIYDVAREAGVSIAAVSQVMNGKGKISEERRTEILKVMEKLNYQPSVIASALTGKK,561,697,23,8
seq1037,_KVTIYDVAKAANVSIATVSKVINNTGNISDKTRQKVKRIMKELDYYPNMLASALMGKQ,72,95,1,2
seq1038,_KVTIYDVAKEANVSIATVSNVINKKGRIGEKTRRRVHEAMEKLNYEPNILASALTGKQ,22,48,1,0
seq1039,_KITIKDIAKQAGVSVTTVSRVINNKPDVGDKTRAKILRIIEDLNYNPNSVARGLVMQK,228,298,0,13
seq1040,_KVTIKDIAKEAGVSITTVSRVLNNKPDVSDNTKEEVQKVINRLGYNPNGVARGLVLKK,476,552,10,2
seq1041,_PVTIKDIAKKANVSVTTVSRVLNNKPDVSEKTKSKILKIINELGYNPNGVARGLVLNR,91,102,1,2
seq1042,_KITIKDVAKQAGVSISTVSRVINDSKPVTDEVKQKVLEVIKETGYIPNPLARSLVTKK,194,309,1,4
seq1043,__ATISDVAKLSGLSKTTVSRVINNHPYVSEKKRELVLKAMKELGYTPNPSARRLRGQL,164,162,16,15
seq1044,KNLNIRDIAKIAGVGVSTVSRVINNHPDVKERTREKVLQIIEQYNYIPNNSARNLKRSD,52,63,0,0
seq1045,__VTISDVAKRSGLSKSTVSRVINNHPYISKEKRELVQKAMDELGYYPNPSARRLRGQL,120,146,0,0
seq1046,IYATMKEVAHQAGVSVATVSRVINNTTYVEPGTRERVEKAMRELNYRRNLAALALAKRC,151,193,11,70
seq1047,RFRLANSIQITRLKSLIKIGISHINNLNIFSWPIRPCQPIFIQLCQKKKFLSTTTGNPH,245,306,16,7
seq1048,__ATIKQVAALARVSTATVSRVLNNSAYVEPATRERVEKAMRTLNYRRDMAAVALAKRS,319,374,28,15
seq1049,SDATIKDVAMLAGVSTATVSRVMNQTAWVEPVTRERVEKAMRDLNYRRNAAAIALAKRS,234,305,18,9
seq1050,__ATIKDVAQLAGVSTATVSRVINRSAYVEPVTLERVEKAIKSLNYQRDARATALASRS,174,205,7,20
seq1051,GVTIKDIAKEAKVSIATVSRVINNKEDGVGKETRENILKIMAKHNYIPSSLARGMVTKK,284,362,20,8
seq1052,KLTIKEIAELAGVSVTTVSQILNNKGSRFSESTRARVLQVVEEYQYKPDYFASNLINRH,112,150,0,0
seq1053,__ATIKDVAKLAGVSVSTVSRALNGSGYVDRTTEERVMAAVKQLNYKPNQIARGLISKK,717,818,35,69
seq1054,AVTIKDIARLANVSVTTVSRVINNKPEGVSEETRQKILKLVKELGYQPNAIARGLVTKK,449,524,25,21
seq1055,KLTIKDIARLAGVSTTTVSKIINNKHDSISKDTTEKVIKIMKDNNYVPSTIARSLVTKK,181,229,13,10
seq1056,__VTIKDVAKVANVSISTVSRVLNNSGYTSASTKEKVHKAVDELKFQKNMVATAMIKKQ,98,157,3,0
seq1057,RFTIKDIAREANVSIATVSRVINNKNEGMSLETREKILNIMKKHNYVPSSLARSMITKK,327,394,6,17
seq1058,PTTTIKDVAKAAGVSIATASRVINNSPQTSEKAVKAVQQAMKALGYRPNANARALVSKS,138,196,13,12
seq1059,__ITIKDVAIEAGVSIATVSRVINKSPKASRTSIRSVTKAMEKLGYRPNAAARALVSQK,409,566,17,9
seq1060,__ITIKDIAEAANVSPATVSRVINNGPKVGPKTREHVKAVMDKMGYRPNINARALVTQK,278,361,2,5
seq1061,__ATIKDIANAAGVSLATVSRVINNGPKVGDATRARIKEIMKEMGYRPNANARALVTQR,102,133,9,4
seq1062,__ATIKDIASAAGVSLATVSRVINNGPKVGDATRERVKKIMDEMGYRPNANARALVTQR,127,166,0,7
seq1063,__STIKDVAKEAGVSIATVSRVINKSPNASEQSIKAVTEAMKKLSYRPNAAAKALVSQN,295,304,5,7
seq1064,__ATIKDVAREAGVSVATVSRVINKSPKASQASIDTVTSAMHKLGYRPNAAARALVNQS,38,56,0,5
seq1065,__ATIKDVAKLAGVSVATVSRVINQSPKAGAESVRAVQAAMKELAYRPNAAARALVSQS,213,235,0,1
seq1066,__ANIKDVAKEAGVSVATVSRVVNKSPKASQASIASVTAAMKKLGYRPNAAARALVSQN,347,451,5,16
seq1067,__ATIKDVAKMSGVSVATVSRVINKSPKASSASIEAVTKAMQELGYRPNATARALVSQS,183,242,3,1
seq1068,__ATIKDVAKEAGVSVATVSRVINQSPKASQASIASVKNAMNKLGYRPNAAARALVNQS,153,198,37,8
seq1069,__ANIRDVAKEAKVSVATVSRVINKLPHTSETATKAVHEAMERLNYRPNANARALANKT,188,252,5,3
seq1070,IVATIKDVSRLANVSISTVSRVINNTAQVAPEKRVAVLAAMKELNFRPNSFAQALVSKR,361,483,28,37
seq1071,__ATIKDVAKEAGVSVATVSRVVNKSPKASKAAIESVNAAMKKLSYRPNANARALVNKS,176,208,4,7
seq1072,__ATIKDVAKEAGVSVATVSRVVNKSPKASKAAIESVSSAMKKLGYRPNANARALVSKS,42,60,11,8
seq1073,__ATIKDVAKAAGVSVATVSRVINRSPKASQKAIESVSQAMAQLGYRPNANARALVSQS,171,230,2,1
seq1074,__VTIKDVARAAGVSTATISRVVHNGGNVGDECRARVKKIIEEMGYRPNSNAQALVNRS,122,155,0,8
seq1075,QIPTIRDVAELACVSVATVSRVINHSPSVSEKTRYSVQRAMEVLNYQPNANAQALAVQN,176,217,1,5
seq1076,__ATIKDVARDAGVSVATVSRVINNSPKASKQSVAAVTVAMKKLGYRPNANARALVNQS,198,239,10,1
seq1077,__ATIKDVAKEAGVSIATVSRVLNQSPKASAASVDAVRKAMSKLGYRPNANARALVSQN,362,441,13,26
seq1078,__ATIKDVAKLAEVSVATVSRVINKSPKASEAAIKAVTQAMQTLGYRPNANARALVSQS,215,279,13,6
seq1079,__ANIRDVAKEANVSVATVSRVINRLPHTSKTAIKAVNEAMKKLGYNPTEKSKSSNAHS,155,166,0,11
seq1080,__TTLKDIAKAAGVSHATVSRVVNNGPKVGPVLRDKIHKLIIEMGYRPNANARALVTNK,464,597,13,19
seq1081,NKATIKDVAREAGVSIATVSRVINKSPKAGKASIQSVQSAMKLLGYRPNANARALVNKN,177,241,20,5
seq1082,__ATIKDVARLAGGSVATVSRVLNQSPKASAHSQKVVAEAMAQLNYIPNANARALAQQS,230,260,8,9
seq1083,__ITIKEIAKIAGVSATTVSRVINGRGKVGDKCRKKVQKLIDDLGYRPNINARALAGQK,338,407,0,1
seq1084,_VVTIKEVARAAGVSTATVSRVINKATNVLPATIQKVEEAMASLGYQIKDNRRLSINQV,105,119,6,13
seq1085,_AATIRDVAKRANVSVATVSRVLNGTAKVSDSAKDAVLKAQKELGFYLNANARTLAKKD,578,657,48,61
seq1086,__ATIKDVAKLAGVAVSTASYALNNSTKISMETKLRVEKAARELNYQKNGLASDLKKDK,552,675,14,15
seq1087,__ATIKDVARVAGVSIATVSRVVNGQGKVGAQCRTRVQKVIEQLNYRPNSNAKALVKRS,174,226,0,2
seq1088,__VTIKDVARVAGVSIATVSRVIHDGHQVGEACRARVKKVIAELGYRPNSNARALVSKT,179,205,8,11
seq1089,_TITIRDVARLAGVSLATVSRVLNNSAAIRPATRTAVLQAVAELGYRPNANAQALASQS,223,295,20,9
seq1090,YVLTIRDVAREAGVSVATVSRVLNNSSVVTADTRTRVMKTIERLGYRPDANAQALANRL,132,165,6,13
seq1091,__TTIRDVARLAGVSVATVSRVLNDSASASKQARERVLSAVSQLGYRPNANAQALANQS,206,236,3,9
seq1092,AKATIKDVAKLAGVSVATVSRVINHSPKASEASRVAVCKAMEQLQYHPNANARALAQQS,177,236,12,16
seq1093,PPSTIKDVARLANVSVATVSRVMNNSPKASAASREVVQKAMAELGYTPNANARALVSQT,141,174,9,17
seq1094,__ATIKDVAKHAGVSVATVSRVLNGSPQTRPGTVSLVKQAMVTLGYRPNAAARTLVSKK,865,1169,37,49
seq1095,__ATIKDVARLAKVSVATVSRVINNANNVRDNTRVTVKNAMETLNYYPDANARALSQQN,326,409,12,54
seq1096,STATIKDVAKAANVSTATVSRVINQSDSVLPETVAKVESVMAQLGYQIKDNRRLTINQG,116,134,7,0
seq1097,__PTIKDIAKAAGVSPASVSRVINNGPKVGAKTREKIKRIMGEMEYQPNANAQAINVQN,144,182,16,14
seq1098,__STIKDVAREAGVSIATVSRVVNNGPKVGEKTKARVLSIMAELGYRPNENARALVTQK,484,593,22,35
seq1099,__STIKDIARVAGVSVATVSRVVNNDPKVKEKTKLKVTKVMLDLNYTPNANARALVTQK,470,530,16,9
seq1100,__ATIYEVSKAAGVSLATVSRVINGNARVSERTKEKVHKAMDALGYKPNAIAQSLASNR,185,229,3,4
seq1101,__ATIYEVSKAAGVSLATVSRVMNGNAKVSDKTKEKVLAAMSELGYKPNAIAQSLASNR,140,200,1,5
seq1102,__ATIYQVSELAGVSLATVSRVMNKNTKVSDKTTKKVLDAMQTLGYKPNSIAQSLASNC,87,101,0,1
seq1103,__ATIYQVSEAAGVSLATVSRVMNGNAKVSERTRKKVEDAMASLGYQPNAIAQSLASNR,238,317,19,3
seq1104,__ATIYQVSELAGVSLATVSRVMNNNARVSDKTKEKVLSAMAELGYQPNAIAQSLASNC,11,4,0,0
seq1105,__ATIYEVSKLANVSLATVSRVMNGNTKVSDKTREKVLSAMRELGYRPNATARSLASNR,150,212,1,22
seq1106,__ATIYQVAERAGVSLSTVSRVLNGKSTVNQALKERVEQAVKELNYRPNSVARSLANSR,318,407,15,1
seq1107,__TTIYQVSELAKVSLATVSRVMNGNPRVSDKTREKVLAAMKELGYRPNLTAQSLASNR,202,242,0,15
seq1108,__ATIYDVSLLAGVSLATVSRVMNNTGRVSDKTRKKVEDAMSSLGYRPNMVAQSLASNR,239,273,8,5
seq1109,__ATIYEVSKLAGVSLATVSRVMNNNANVSDATRKKVTAAMDELGYRPNSIAQSLASNC,119,173,0,6
seq1110,__ATIYDVSVLAGVSLATVSRVMNKNAKVSEKTAQKVQDAMKQLGYRPNAIAQSLASNR,141,180,0,23
seq1111,__ATIYEVSKLAGVSLATVSRVINNNTPVREATRVKVLEAMDKLGYHPNSIAQSLASSR,269,290,3,7
seq1112,__ATIYQVSELAGVSLATVSRVMNNNVRVSEATRNKVLAAMEQLGYRPNSIAQSLASNR,227,277,7,20
seq1113,__ATIYEVSKLAGVSLATVSRVMNKNTPVRESTRKKVEAAMAELGYRPNSIAQSLASSR,223,279,5,28
seq1114,__ATIYEVAKLAGVSLATISRVLNGTAPVRESTKQKVEAAMRELGYRPNSVAQSLATNR,277,358,30,2
seq1115,__ATIYQVSELAGVSLATVSRVMNGGTRVSEKTREKVNKAMETLNYRPSSIARSLASNC,175,172,0,30
seq1116,__ATIYQVSELAGVSLATVSRVINNNSLVSEKTKLKVLEAMKKLDYRPNTVAQSLASNR,199,214,0,21
seq1117,__ATIYQVSELAGVSLATVSRVMNGNTRVSEAKRAKVLEAMKELNYRPNSIAQSLASNC,150,197,2,9
seq1118,__ATIYDVSVLAGVSLATVSRVMNKNTKVSEKTEKKVLDAMEELGYRPNSIAQSLASNR,119,186,10,17
seq1119,__ATIYDVSILAGVSLATVSRVVNNTGKVSEKTCKKVHDAMEQLGYRPNSIAQSLASNR,178,243,3,8
seq1120,__ATIYDVSVLAGVSLATVSRVMNKNTNVSEKTKKKVQDAMDQLGYRPSSIAQSLASNR,153,158,9,1
seq1121,LEATIYDVSVMAGVSLATVSRVMNNNTKVSDKTKQKVLDAMKALGYRPNTIAQSLASNC,45,85,0,9
seq1122,__ATIYDVAERAGVSLATVSRVMNKNTNVGEKTKQKVLAAMAELDYRPNTFAQSLASNS,118,131,35,3
seq1123,__ATIYDVSVMAGVSLATVSRVVNNNAKVSEKTRKKVLAAMEALDYRPNAIARSLASSR,173,244,13,27
seq1124,__VTIKQVSELAGVSSATVSRVINNTDTVKEKTRQQVLDAMEKLGYRHNVIAASLASNK,531,534,17,21
seq1125,__VTIKQVSEKAGVSSATVSRVINNTGTVKEKTRELVMTAMAELGYRHNVVAASLASNK,450,562,18,30
seq1126,NTITIKEVAELAQVSQSTVSRTLNDHPTVKEKNRQKVYEAIEKLGYKPNAFAQALASSR,82,99,0,0
seq1127,__ATIKEVSALAKVSTATVSRVLNGHAYVKEANKQRVYEAMKALNFQPNASAQALASNK,367,417,8,9
seq1128,RVITIKEVSELAKVSQATVSRAINGHSSVKEKNRVKVFNAIEQLGYKPNTFAQALASNR,52,54,2,0
seq1129,QVITIKEVAEYANVSQATVSRVINGQNSVKEKNLEKVKKAIAELGYTPNSAAKALASNR,43,39,0,0
seq1130,__ITIKEVAELAKVSQSTVSRALNGHETVKEKNRIKVFDAIEKLGYQPNAFAQALASNR,87,89,5,0
seq1131,__ITIKEVAELAQVSQATVSRTLNGHSSVKEANKQKVFAAMEELGYQPNTFAQALASNR,129,177,0,0
seq1132,ITTTMLEVAKRAGVSKATVSRVLSGNGYVSQETKDRVFQAIEESGYRPNLLARNLATKR,247,310,18,25
seq1133,__KTMLDVANKAGVSKATVSRVLAGNSYVSKTTRDRVFKAVEEIGYRPNLVARNLATSK,449,565,32,26
seq1134,__ATMLDVAKKAGVSKATVSRVLTGNNYVSKTTRDRVFQAIEEIGYRPNLLARQLATSK,613,745,26,19
seq1135,NGATILEVAKKAGVSKATVSRVLSGSGYVSQAKRALVDRAIAETGYRPNLLARNLATKT,220,288,3,30
seq1136,IVSTMQEVAKKAGVSKATVSRVLSGKGYVSEATKDQVFKAIEEAGYRPNLLARNLATNK,513,623,17,24
seq1137,__VTIQDIARVAGVSKATVSRALSGKVFVREEVKARIMQAVADTGYRPNLLARNLSTNK,311,390,30,11
seq1138,__ITMLDVANHAGVSKATVSRVLNGTGQVRQSTRDIVFKSMKELGYRPNFLARSLANRR,424,468,13,4
seq1139,__VTILDVARKAGVSKATVSRALNGKVVVSEDVKARIFQAIEETGYRPNLLARKLATNE,252,344,11,23
seq1140,LPVTMRDVSVRAGVSKATVSRVLNNTGQVKESTRAQVFRAMEELGYRPNLLARSLAHRT,208,254,0,0
seq1141,__ATINDVCKAAGVSKATVSRVINGSPQVREKTRIRVLETMKSLGYQPNVLAQALATNT,127,161,6,9
seq1142,__ATINDVCKLAGVSKATVSRVLNNTGQVKPATAEAVYQAMKTLGYKPNSLARALATNK,593,797,26,25
seq1143,__ITMLDVARRAGVSKATVSRVLNATGQVKQSTRNAVFHAMEELGYRPNLLAQALANQT,252,271,14,4
seq1144,__ATINDVCKLAGVSKATVSRVMNGKGPVKEETKKLIFDAMETLNYKPSLVAQALATNS,74,86,0,0
seq1145,__ATITDVCALAGVSKATVSRVINGSEQVKPKTREAVHAAMRQLGYQPNTLAQALATNT,124,173,16,9
seq1146,QFATINDVCKLAGVSKATVSRVLNETGQVKAQTREAVLAAMQQLGYQPNSLAQALATNT,39,45,4,0
seq1147,__ATINDVCKATGYSKATVSRVLNGTGQVKAATRDAVLAAMQTLGYQPNALAQALATNT,152,186,0,25
seq1148,__ATINDVCKAAGVSKATVSRVINHSGQVKEETRQHVLSIMEQLGYQPNLLAQALATNT,172,161,3,8
seq1149,__ATIKDVCKAAGVSKATVSRVLNGSEFVKEQTRQSVLEAMKSLGYQPNAFARALATNS,133,185,2,5
seq1150,ERITIYDIAEEAGVSASTVSRVLNGSASVRKEKKERIQKIIEKYNFKPNALAKGLSDTA,24,38,0,0
seq1151,VTLKDVAKSAGVHPSVVSRVVNNDDGLHIKEDTRRRILDTIKELNYRPNQSARNLKKNE,136,166,9,1
seq1152,VSITIKDIAQRSGVSCSTVSRVLTNHPNVDPKTRERVKQVIDELGYRPSRIARGLVMGQ,172,209,5,12
seq1153,__ARIKDVAELAGVNRSTVSRIINGEGKFREETKRKVEQAMAELNYRPSAIARSLATAS,42,40,0,0
seq1154,__ATIKDVAEHAQVSRATVSRVLNNTGQVTESTRDRVNAAIKELDYRPNPVAQSLACNT,143,170,2,6
seq1155,__ASIKDVATLAGVHRSTVSRIINGEGTFRADTRRKVECAMAELNYRPSAIARSLATAS,21,25,0,0
seq1156,__ASIKDVAALAGVHRSTVSRIINGEGVFRSDTKRKVEQAMAELNYRPSAIARSLATAS,89,86,0,0
seq1157,GSARIKDVAALAGVNRSTVSRIINGEGKFKEETRKKVEQAMAELNYRPSAIARSLATSS,44,56,0,0
seq1158,__ARIKDVAELAGVNRSTVSRIINGEGKFKEETRRKVEQAMAQLNYRPSAIARSLATSS,35,50,0,0
