Position,EcLacI_aa,Topology
1,M,N-terminus
2,K,N-terminus
3,P,N-terminus
4,V,N-terminus
5,T,H1
6,L,H1
7,Y,H1
8,D,H1
9,V,H1
10,A,H1
11,E,H1
12,Y,H1
13,A,L1
14,G,L1
15,V,L1
16,S,H2
17,Y,H2
18,Q,H2
19,T,H2
20,V,H2
21,S,H2
22,R,H2
23,V,H2
24,V,H2
25,N,H2
26,Q,L2
27,A,L2
28,S,L2
29,H,L2
30,V,L2
31,S,L2
32,A,H3
33,K,H3
34,T,H3
35,R,H3
36,E,H3
37,K,H3
38,V,H3
39,E,H3
40,A,H3
41,A,H3
42,M,H3
43,A,H3
44,E,H3
45,L,H3
46,N,H3
47,Y,L3
48,I,L3
49,P,L3
50,N,HH
51,R,HH
52,V,HH
53,A,HH
54,Q,HH
55,Q,HH
56,L,HH
57,A,HH
58,G,L4
59,K,L4
60,Q,L4
